01:22:26 INFO  : Registering command handlers for SDK TCF services
01:22:28 INFO  : Launching XSCT server: xsct -n -interactive /home/deazon/final_project/final_project.sdk/temp_xsdb_launch_script.tcl
01:22:32 INFO  : XSCT server has started successfully.
01:22:32 INFO  : Successfully done setting XSCT server connection channel  
01:22:32 INFO  : Successfully done setting SDK workspace  
01:22:32 INFO  : Processing command line option -hwspec /home/deazon/final_project/final_project.sdk/final_project_grade_3_wrapper.hdf.
01:28:55 INFO  : No changes in MSS file content so not generating sources.
01:47:05 INFO  : Registering command handlers for SDK TCF services
01:47:07 INFO  : Launching XSCT server: xsct -n -interactive /home/deazon/final_project/final_project.sdk/temp_xsdb_launch_script.tcl
01:47:10 INFO  : XSCT server has started successfully.
01:47:10 INFO  : Successfully done setting XSCT server connection channel  
01:47:10 INFO  : Successfully done setting SDK workspace  
01:47:10 INFO  : Processing command line option -hwspec /home/deazon/final_project/final_project.sdk/final_project_grade_3_wrapper.hdf.
01:47:10 INFO  : Checking for hwspec changes in the project final_project_grade_3_wrapper_hw_platform_0.
01:50:35 INFO  : Registering command handlers for SDK TCF services
01:50:36 INFO  : Launching XSCT server: xsct -n -interactive /home/deazon/final_project/final_project.sdk/temp_xsdb_launch_script.tcl
01:50:38 INFO  : XSCT server has started successfully.
01:50:38 INFO  : Successfully done setting XSCT server connection channel  
01:50:38 INFO  : Successfully done setting SDK workspace  
01:50:38 INFO  : Processing command line option -hwspec /home/deazon/final_project/final_project.sdk/final_project_grade_3_wrapper.hdf.
01:50:38 INFO  : Checking for hwspec changes in the project final_project_grade_3_wrapper_hw_platform_0.
02:28:00 INFO  : Connected to target on host '127.0.0.1' and port '3121'.
02:30:57 INFO  : Connected to target on host '127.0.0.1' and port '3121'.
02:30:57 INFO  : Jtag cable 'Avnet MiniZed V1 1234-oj1A' is selected.
02:30:57 INFO  : 'jtag frequency' command is executed.
02:30:57 INFO  : Sourcing of '/home/deazon/final_project/final_project.sdk/final_project_grade_3_wrapper_hw_platform_0/ps7_init.tcl' is done.
02:30:58 INFO  : 'targets -set -filter {jtag_cable_name =~ "Avnet MiniZed V1 1234-oj1A" && level==0} -index 1' command is executed.
02:30:59 INFO  : FPGA configured successfully with bitstream "/home/deazon/final_project/final_project.sdk/final_project_grade_3_wrapper_hw_platform_0/final_project_grade_3_wrapper.bit"
02:30:59 INFO  : Context for 'APU' is selected.
02:30:59 INFO  : Hardware design information is loaded from '/home/deazon/final_project/final_project.sdk/final_project_grade_3_wrapper_hw_platform_0/system.hdf'.
02:30:59 INFO  : 'configparams force-mem-access 1' command is executed.
02:30:59 INFO  : Context for 'APU' is selected.
02:30:59 INFO  : 'stop' command is executed.
02:30:59 INFO  : 'ps7_init' command is executed.
02:30:59 INFO  : 'configparams force-mem-access 0' command is executed.
02:30:59 INFO  : ----------------XSDB Script----------------
connect -url tcp:127.0.0.1:3121
source /home/deazon/final_project/final_project.sdk/final_project_grade_3_wrapper_hw_platform_0/ps7_init.tcl
targets -set -filter {jtag_cable_name =~ "Avnet MiniZed V1 1234-oj1A" && level==0} -index 1
fpga -file /home/deazon/final_project/final_project.sdk/final_project_grade_3_wrapper_hw_platform_0/final_project_grade_3_wrapper.bit
targets -set -nocase -filter {name =~"APU*" && jtag_cable_name =~ "Avnet MiniZed V1 1234-oj1A"} -index 0
loadhw -hw /home/deazon/final_project/final_project.sdk/final_project_grade_3_wrapper_hw_platform_0/system.hdf -mem-ranges [list {0x40000000 0xbfffffff}]
configparams force-mem-access 1
targets -set -nocase -filter {name =~"APU*" && jtag_cable_name =~ "Avnet MiniZed V1 1234-oj1A"} -index 0
stop
ps7_init
configparams force-mem-access 0
----------------End of Script----------------

02:30:59 INFO  : Memory regions updated for context APU
02:30:59 INFO  : Launch script is exported to file '/home/deazon/final_project/final_project.sdk/.sdk/launch_scripts/xilinx_c-c++_application_(system_debugger)/nn_inference_grade3_debug.tcl'
02:33:00 INFO  : Disconnected from the channel tcfchan#1.
02:33:01 INFO  : Connected to target on host '127.0.0.1' and port '3121'.
02:33:01 INFO  : Jtag cable 'Avnet MiniZed V1 1234-oj1A' is selected.
02:33:01 INFO  : 'jtag frequency' command is executed.
02:33:01 INFO  : Sourcing of '/home/deazon/final_project/final_project.sdk/final_project_grade_3_wrapper_hw_platform_0/ps7_init.tcl' is done.
02:33:02 INFO  : 'targets -set -filter {jtag_cable_name =~ "Avnet MiniZed V1 1234-oj1A" && level==0} -index 1' command is executed.
02:33:03 INFO  : FPGA configured successfully with bitstream "/home/deazon/final_project/final_project.sdk/final_project_grade_3_wrapper_hw_platform_0/final_project_grade_3_wrapper.bit"
02:33:03 INFO  : Context for 'APU' is selected.
02:33:04 INFO  : Hardware design information is loaded from '/home/deazon/final_project/final_project.sdk/final_project_grade_3_wrapper_hw_platform_0/system.hdf'.
02:33:04 INFO  : 'configparams force-mem-access 1' command is executed.
02:33:04 INFO  : Context for 'APU' is selected.
02:33:04 INFO  : 'stop' command is executed.
02:33:04 INFO  : 'ps7_init' command is executed.
02:33:04 INFO  : 'configparams force-mem-access 0' command is executed.
02:33:04 INFO  : ----------------XSDB Script----------------
connect -url tcp:127.0.0.1:3121
source /home/deazon/final_project/final_project.sdk/final_project_grade_3_wrapper_hw_platform_0/ps7_init.tcl
targets -set -filter {jtag_cable_name =~ "Avnet MiniZed V1 1234-oj1A" && level==0} -index 1
fpga -file /home/deazon/final_project/final_project.sdk/final_project_grade_3_wrapper_hw_platform_0/final_project_grade_3_wrapper.bit
targets -set -nocase -filter {name =~"APU*" && jtag_cable_name =~ "Avnet MiniZed V1 1234-oj1A"} -index 0
loadhw -hw /home/deazon/final_project/final_project.sdk/final_project_grade_3_wrapper_hw_platform_0/system.hdf -mem-ranges [list {0x40000000 0xbfffffff}]
configparams force-mem-access 1
targets -set -nocase -filter {name =~"APU*" && jtag_cable_name =~ "Avnet MiniZed V1 1234-oj1A"} -index 0
stop
ps7_init
configparams force-mem-access 0
----------------End of Script----------------

02:33:04 INFO  : Memory regions updated for context APU
02:33:04 INFO  : Launch script is exported to file '/home/deazon/final_project/final_project.sdk/.sdk/launch_scripts/xilinx_c-c++_application_(system_debugger)/nn_inference_grade3_debug.tcl'
02:34:59 INFO  : Disconnected from the channel tcfchan#2.
02:35:00 INFO  : Connected to target on host '127.0.0.1' and port '3121'.
02:35:00 INFO  : Jtag cable 'Avnet MiniZed V1 1234-oj1A' is selected.
02:35:00 INFO  : 'jtag frequency' command is executed.
02:35:00 INFO  : Sourcing of '/home/deazon/final_project/final_project.sdk/final_project_grade_3_wrapper_hw_platform_0/ps7_init.tcl' is done.
02:35:00 INFO  : 'targets -set -filter {jtag_cable_name =~ "Avnet MiniZed V1 1234-oj1A" && level==0} -index 1' command is executed.
02:35:01 INFO  : FPGA configured successfully with bitstream "/home/deazon/final_project/final_project.sdk/final_project_grade_3_wrapper_hw_platform_0/final_project_grade_3_wrapper.bit"
02:35:01 INFO  : Context for 'APU' is selected.
02:35:02 INFO  : Hardware design information is loaded from '/home/deazon/final_project/final_project.sdk/final_project_grade_3_wrapper_hw_platform_0/system.hdf'.
02:35:02 INFO  : 'configparams force-mem-access 1' command is executed.
02:35:02 INFO  : Context for 'APU' is selected.
02:35:02 INFO  : 'stop' command is executed.
02:35:02 INFO  : 'ps7_init' command is executed.
02:35:02 INFO  : 'configparams force-mem-access 0' command is executed.
02:35:02 INFO  : ----------------XSDB Script----------------
connect -url tcp:127.0.0.1:3121
source /home/deazon/final_project/final_project.sdk/final_project_grade_3_wrapper_hw_platform_0/ps7_init.tcl
targets -set -filter {jtag_cable_name =~ "Avnet MiniZed V1 1234-oj1A" && level==0} -index 1
fpga -file /home/deazon/final_project/final_project.sdk/final_project_grade_3_wrapper_hw_platform_0/final_project_grade_3_wrapper.bit
targets -set -nocase -filter {name =~"APU*" && jtag_cable_name =~ "Avnet MiniZed V1 1234-oj1A"} -index 0
loadhw -hw /home/deazon/final_project/final_project.sdk/final_project_grade_3_wrapper_hw_platform_0/system.hdf -mem-ranges [list {0x40000000 0xbfffffff}]
configparams force-mem-access 1
targets -set -nocase -filter {name =~"APU*" && jtag_cable_name =~ "Avnet MiniZed V1 1234-oj1A"} -index 0
stop
ps7_init
configparams force-mem-access 0
----------------End of Script----------------

02:35:02 INFO  : Memory regions updated for context APU
02:35:02 INFO  : Launch script is exported to file '/home/deazon/final_project/final_project.sdk/.sdk/launch_scripts/xilinx_c-c++_application_(system_debugger)/nn_inference_grade3_debug.tcl'
02:36:03 INFO  : Disconnected from the channel tcfchan#3.
02:36:04 INFO  : Connected to target on host '127.0.0.1' and port '3121'.
02:36:04 INFO  : Jtag cable 'Avnet MiniZed V1 1234-oj1A' is selected.
02:36:04 INFO  : 'jtag frequency' command is executed.
02:36:04 INFO  : Sourcing of '/home/deazon/final_project/final_project.sdk/final_project_grade_3_wrapper_hw_platform_0/ps7_init.tcl' is done.
02:36:04 INFO  : 'targets -set -filter {jtag_cable_name =~ "Avnet MiniZed V1 1234-oj1A" && level==0} -index 1' command is executed.
02:36:05 INFO  : FPGA configured successfully with bitstream "/home/deazon/final_project/final_project.sdk/final_project_grade_3_wrapper_hw_platform_0/final_project_grade_3_wrapper.bit"
02:36:05 INFO  : Context for 'APU' is selected.
02:36:06 INFO  : Hardware design information is loaded from '/home/deazon/final_project/final_project.sdk/final_project_grade_3_wrapper_hw_platform_0/system.hdf'.
02:36:06 INFO  : 'configparams force-mem-access 1' command is executed.
02:36:06 INFO  : Context for 'APU' is selected.
02:36:06 INFO  : 'stop' command is executed.
02:36:06 INFO  : 'ps7_init' command is executed.
02:36:06 INFO  : 'configparams force-mem-access 0' command is executed.
02:36:06 INFO  : ----------------XSDB Script----------------
connect -url tcp:127.0.0.1:3121
source /home/deazon/final_project/final_project.sdk/final_project_grade_3_wrapper_hw_platform_0/ps7_init.tcl
targets -set -filter {jtag_cable_name =~ "Avnet MiniZed V1 1234-oj1A" && level==0} -index 1
fpga -file /home/deazon/final_project/final_project.sdk/final_project_grade_3_wrapper_hw_platform_0/final_project_grade_3_wrapper.bit
targets -set -nocase -filter {name =~"APU*" && jtag_cable_name =~ "Avnet MiniZed V1 1234-oj1A"} -index 0
loadhw -hw /home/deazon/final_project/final_project.sdk/final_project_grade_3_wrapper_hw_platform_0/system.hdf -mem-ranges [list {0x40000000 0xbfffffff}]
configparams force-mem-access 1
targets -set -nocase -filter {name =~"APU*" && jtag_cable_name =~ "Avnet MiniZed V1 1234-oj1A"} -index 0
stop
ps7_init
configparams force-mem-access 0
----------------End of Script----------------

02:36:06 INFO  : Memory regions updated for context APU
02:36:06 INFO  : Launch script is exported to file '/home/deazon/final_project/final_project.sdk/.sdk/launch_scripts/xilinx_c-c++_application_(system_debugger)/nn_inference_grade3_debug.tcl'
02:41:05 INFO  : Connected to target on host '127.0.0.1' and port '3121'.
02:42:08 INFO  : Disconnected from the channel tcfchan#4.
02:42:09 INFO  : Connected to target on host '127.0.0.1' and port '3121'.
02:42:09 INFO  : Jtag cable 'Avnet MiniZed V1 1234-oj1A' is selected.
02:42:09 INFO  : 'jtag frequency' command is executed.
02:42:09 INFO  : Sourcing of '/home/deazon/final_project/final_project.sdk/final_project_grade_3_wrapper_hw_platform_0/ps7_init.tcl' is done.
02:42:09 INFO  : 'targets -set -filter {jtag_cable_name =~ "Avnet MiniZed V1 1234-oj1A" && level==0} -index 1' command is executed.
02:42:10 INFO  : FPGA configured successfully with bitstream "/home/deazon/final_project/final_project.sdk/final_project_grade_3_wrapper_hw_platform_0/final_project_grade_3_wrapper.bit"
02:42:10 INFO  : Context for 'APU' is selected.
02:42:11 INFO  : Hardware design information is loaded from '/home/deazon/final_project/final_project.sdk/final_project_grade_3_wrapper_hw_platform_0/system.hdf'.
02:42:11 INFO  : 'configparams force-mem-access 1' command is executed.
02:42:11 INFO  : Context for 'APU' is selected.
02:42:11 INFO  : 'stop' command is executed.
02:42:11 INFO  : 'ps7_init' command is executed.
02:42:11 INFO  : 'configparams force-mem-access 0' command is executed.
02:42:11 INFO  : ----------------XSDB Script----------------
connect -url tcp:127.0.0.1:3121
source /home/deazon/final_project/final_project.sdk/final_project_grade_3_wrapper_hw_platform_0/ps7_init.tcl
targets -set -filter {jtag_cable_name =~ "Avnet MiniZed V1 1234-oj1A" && level==0} -index 1
fpga -file /home/deazon/final_project/final_project.sdk/final_project_grade_3_wrapper_hw_platform_0/final_project_grade_3_wrapper.bit
targets -set -nocase -filter {name =~"APU*" && jtag_cable_name =~ "Avnet MiniZed V1 1234-oj1A"} -index 0
loadhw -hw /home/deazon/final_project/final_project.sdk/final_project_grade_3_wrapper_hw_platform_0/system.hdf -mem-ranges [list {0x40000000 0xbfffffff}]
configparams force-mem-access 1
targets -set -nocase -filter {name =~"APU*" && jtag_cable_name =~ "Avnet MiniZed V1 1234-oj1A"} -index 0
stop
ps7_init
configparams force-mem-access 0
----------------End of Script----------------

02:42:11 INFO  : Memory regions updated for context APU
02:42:11 INFO  : Launch script is exported to file '/home/deazon/final_project/final_project.sdk/.sdk/launch_scripts/xilinx_c-c++_application_(system_debugger)/nn_inference_grade3_debug.tcl'
02:42:32 INFO  : Disconnected from the channel tcfchan#5.
02:42:33 INFO  : Connected to target on host '127.0.0.1' and port '3121'.
02:42:33 INFO  : Jtag cable 'Avnet MiniZed V1 1234-oj1A' is selected.
02:42:33 INFO  : 'jtag frequency' command is executed.
02:42:33 INFO  : Sourcing of '/home/deazon/final_project/final_project.sdk/final_project_grade_3_wrapper_hw_platform_0/ps7_init.tcl' is done.
02:42:33 INFO  : 'targets -set -filter {jtag_cable_name =~ "Avnet MiniZed V1 1234-oj1A" && level==0} -index 1' command is executed.
02:42:35 INFO  : FPGA configured successfully with bitstream "/home/deazon/final_project/final_project.sdk/final_project_grade_3_wrapper_hw_platform_0/final_project_grade_3_wrapper.bit"
02:42:35 INFO  : Context for 'APU' is selected.
02:42:36 INFO  : Hardware design information is loaded from '/home/deazon/final_project/final_project.sdk/final_project_grade_3_wrapper_hw_platform_0/system.hdf'.
02:42:36 INFO  : 'configparams force-mem-access 1' command is executed.
02:42:36 INFO  : Context for 'APU' is selected.
02:42:36 INFO  : 'stop' command is executed.
02:42:36 INFO  : 'ps7_init' command is executed.
02:42:36 INFO  : 'configparams force-mem-access 0' command is executed.
02:42:36 INFO  : ----------------XSDB Script----------------
connect -url tcp:127.0.0.1:3121
source /home/deazon/final_project/final_project.sdk/final_project_grade_3_wrapper_hw_platform_0/ps7_init.tcl
targets -set -filter {jtag_cable_name =~ "Avnet MiniZed V1 1234-oj1A" && level==0} -index 1
fpga -file /home/deazon/final_project/final_project.sdk/final_project_grade_3_wrapper_hw_platform_0/final_project_grade_3_wrapper.bit
targets -set -nocase -filter {name =~"APU*" && jtag_cable_name =~ "Avnet MiniZed V1 1234-oj1A"} -index 0
loadhw -hw /home/deazon/final_project/final_project.sdk/final_project_grade_3_wrapper_hw_platform_0/system.hdf -mem-ranges [list {0x40000000 0xbfffffff}]
configparams force-mem-access 1
targets -set -nocase -filter {name =~"APU*" && jtag_cable_name =~ "Avnet MiniZed V1 1234-oj1A"} -index 0
stop
ps7_init
configparams force-mem-access 0
----------------End of Script----------------

02:42:36 INFO  : Memory regions updated for context APU
02:42:36 INFO  : Launch script is exported to file '/home/deazon/final_project/final_project.sdk/.sdk/launch_scripts/xilinx_c-c++_application_(system_debugger)/nn_inference_grade3_debug.tcl'
02:45:40 INFO  : Disconnected from the channel tcfchan#6.
02:45:41 INFO  : Connected to target on host '127.0.0.1' and port '3121'.
02:45:41 INFO  : Jtag cable 'Avnet MiniZed V1 1234-oj1A' is selected.
02:45:41 INFO  : 'jtag frequency' command is executed.
02:45:41 INFO  : Sourcing of '/home/deazon/final_project/final_project.sdk/final_project_grade_3_wrapper_hw_platform_0/ps7_init.tcl' is done.
02:45:42 INFO  : 'targets -set -filter {jtag_cable_name =~ "Avnet MiniZed V1 1234-oj1A" && level==0} -index 1' command is executed.
02:45:43 INFO  : FPGA configured successfully with bitstream "/home/deazon/final_project/final_project.sdk/final_project_grade_3_wrapper_hw_platform_0/final_project_grade_3_wrapper.bit"
02:45:43 INFO  : Context for 'APU' is selected.
02:45:44 INFO  : Hardware design information is loaded from '/home/deazon/final_project/final_project.sdk/final_project_grade_3_wrapper_hw_platform_0/system.hdf'.
02:45:44 INFO  : 'configparams force-mem-access 1' command is executed.
02:45:44 INFO  : Context for 'APU' is selected.
02:45:44 INFO  : 'stop' command is executed.
02:45:44 ERROR : Memory read error at 0xF8007080. AHB AP transaction error, DAP status f0000021
02:45:44 INFO  : ----------------XSDB Script----------------
connect -url tcp:127.0.0.1:3121
source /home/deazon/final_project/final_project.sdk/final_project_grade_3_wrapper_hw_platform_0/ps7_init.tcl
targets -set -filter {jtag_cable_name =~ "Avnet MiniZed V1 1234-oj1A" && level==0} -index 1
fpga -file /home/deazon/final_project/final_project.sdk/final_project_grade_3_wrapper_hw_platform_0/final_project_grade_3_wrapper.bit
targets -set -nocase -filter {name =~"APU*" && jtag_cable_name =~ "Avnet MiniZed V1 1234-oj1A"} -index 0
loadhw -hw /home/deazon/final_project/final_project.sdk/final_project_grade_3_wrapper_hw_platform_0/system.hdf -mem-ranges [list {0x40000000 0xbfffffff}]
configparams force-mem-access 1
targets -set -nocase -filter {name =~"APU*" && jtag_cable_name =~ "Avnet MiniZed V1 1234-oj1A"} -index 0
stop
ps7_init
----------------End of Script----------------

02:45:59 INFO  : Connected to target on host '127.0.0.1' and port '3121'.
02:45:59 INFO  : Jtag cable 'Avnet MiniZed V1 1234-oj1A' is selected.
02:45:59 INFO  : 'jtag frequency' command is executed.
02:45:59 INFO  : Sourcing of '/home/deazon/final_project/final_project.sdk/final_project_grade_3_wrapper_hw_platform_0/ps7_init.tcl' is done.
02:45:59 INFO  : 'targets -set -filter {jtag_cable_name =~ "Avnet MiniZed V1 1234-oj1A" && level==0} -index 1' command is executed.
02:46:02 ERROR : fpga configuration failed. DONE PIN is not HIGH
02:46:02 ERROR : Exception occured while running Program FPGA.
java.lang.RuntimeException: fpga configuration failed. DONE PIN is not HIGH
02:46:02 INFO  : ----------------XSDB Script----------------
connect -url tcp:127.0.0.1:3121
source /home/deazon/final_project/final_project.sdk/final_project_grade_3_wrapper_hw_platform_0/ps7_init.tcl
----------------End of Script----------------

02:47:33 INFO  : Connected to target on host '127.0.0.1' and port '3121'.
02:47:33 INFO  : 'targets -set -filter {jtag_cable_name =~ "Avnet MiniZed V1 1234-oj1A" && level==0} -index 1' command is executed.
02:47:35 INFO  : FPGA configured successfully with bitstream "/home/deazon/final_project/final_project.sdk/final_project_grade_3_wrapper_hw_platform_0/final_project_grade_3_wrapper.bit"
02:47:55 INFO  : Connected to target on host '127.0.0.1' and port '3121'.
02:47:55 INFO  : Jtag cable 'Avnet MiniZed V1 1234-oj1A' is selected.
02:47:55 INFO  : 'jtag frequency' command is executed.
02:47:55 INFO  : Sourcing of '/home/deazon/final_project/final_project.sdk/final_project_grade_3_wrapper_hw_platform_0/ps7_init.tcl' is done.
02:47:55 INFO  : 'targets -set -filter {jtag_cable_name =~ "Avnet MiniZed V1 1234-oj1A" && level==0} -index 1' command is executed.
02:47:57 INFO  : FPGA configured successfully with bitstream "/home/deazon/final_project/final_project.sdk/final_project_grade_3_wrapper_hw_platform_0/final_project_grade_3_wrapper.bit"
02:47:57 INFO  : Context for 'APU' is selected.
02:47:57 INFO  : Hardware design information is loaded from '/home/deazon/final_project/final_project.sdk/final_project_grade_3_wrapper_hw_platform_0/system.hdf'.
02:47:57 INFO  : 'configparams force-mem-access 1' command is executed.
02:47:57 INFO  : Context for 'APU' is selected.
02:47:57 INFO  : 'stop' command is executed.
02:47:57 INFO  : 'ps7_init' command is executed.
02:47:57 INFO  : 'configparams force-mem-access 0' command is executed.
02:47:57 INFO  : ----------------XSDB Script----------------
connect -url tcp:127.0.0.1:3121
source /home/deazon/final_project/final_project.sdk/final_project_grade_3_wrapper_hw_platform_0/ps7_init.tcl
targets -set -filter {jtag_cable_name =~ "Avnet MiniZed V1 1234-oj1A" && level==0} -index 1
fpga -file /home/deazon/final_project/final_project.sdk/final_project_grade_3_wrapper_hw_platform_0/final_project_grade_3_wrapper.bit
targets -set -nocase -filter {name =~"APU*" && jtag_cable_name =~ "Avnet MiniZed V1 1234-oj1A"} -index 0
loadhw -hw /home/deazon/final_project/final_project.sdk/final_project_grade_3_wrapper_hw_platform_0/system.hdf -mem-ranges [list {0x40000000 0xbfffffff}]
configparams force-mem-access 1
targets -set -nocase -filter {name =~"APU*" && jtag_cable_name =~ "Avnet MiniZed V1 1234-oj1A"} -index 0
stop
ps7_init
configparams force-mem-access 0
----------------End of Script----------------

02:47:57 INFO  : Memory regions updated for context APU
02:47:57 INFO  : Launch script is exported to file '/home/deazon/final_project/final_project.sdk/.sdk/launch_scripts/xilinx_c-c++_application_(system_debugger)/nn_inference_grade3_debug.tcl'
02:51:26 INFO  : Disconnected from the channel tcfchan#7.
02:51:27 INFO  : Connected to target on host '127.0.0.1' and port '3121'.
02:51:27 INFO  : Jtag cable 'Avnet MiniZed V1 1234-oj1A' is selected.
02:51:27 INFO  : 'jtag frequency' command is executed.
02:51:27 INFO  : Sourcing of '/home/deazon/final_project/final_project.sdk/final_project_grade_3_wrapper_hw_platform_0/ps7_init.tcl' is done.
02:51:27 INFO  : Context for 'APU' is selected.
02:51:28 INFO  : System reset is completed.
02:51:31 INFO  : 'after 3000' command is executed.
02:51:31 INFO  : 'targets -set -filter {jtag_cable_name =~ "Avnet MiniZed V1 1234-oj1A" && level==0} -index 1' command is executed.
02:51:32 INFO  : FPGA configured successfully with bitstream "/home/deazon/final_project/final_project.sdk/final_project_grade_3_wrapper_hw_platform_0/final_project_grade_3_wrapper.bit"
02:51:32 INFO  : Context for 'APU' is selected.
02:51:33 INFO  : Hardware design information is loaded from '/home/deazon/final_project/final_project.sdk/final_project_grade_3_wrapper_hw_platform_0/system.hdf'.
02:51:33 INFO  : 'configparams force-mem-access 1' command is executed.
02:51:33 INFO  : Context for 'APU' is selected.
02:51:33 INFO  : 'ps7_init' command is executed.
02:51:33 INFO  : 'ps7_post_config' command is executed.
02:51:33 INFO  : Context for processor 'ps7_cortexa9_0' is selected.
02:51:33 INFO  : The application '/home/deazon/final_project/final_project.sdk/nn_inference_grade3/Debug/nn_inference_grade3.elf' is downloaded to processor 'ps7_cortexa9_0'.
02:51:33 INFO  : 'configparams force-mem-access 0' command is executed.
02:51:33 INFO  : ----------------XSDB Script----------------
connect -url tcp:127.0.0.1:3121
source /home/deazon/final_project/final_project.sdk/final_project_grade_3_wrapper_hw_platform_0/ps7_init.tcl
targets -set -nocase -filter {name =~"APU*" && jtag_cable_name =~ "Avnet MiniZed V1 1234-oj1A"} -index 0
rst -system
after 3000
targets -set -filter {jtag_cable_name =~ "Avnet MiniZed V1 1234-oj1A" && level==0} -index 1
fpga -file /home/deazon/final_project/final_project.sdk/final_project_grade_3_wrapper_hw_platform_0/final_project_grade_3_wrapper.bit
targets -set -nocase -filter {name =~"APU*" && jtag_cable_name =~ "Avnet MiniZed V1 1234-oj1A"} -index 0
loadhw -hw /home/deazon/final_project/final_project.sdk/final_project_grade_3_wrapper_hw_platform_0/system.hdf -mem-ranges [list {0x40000000 0xbfffffff}]
configparams force-mem-access 1
targets -set -nocase -filter {name =~"APU*" && jtag_cable_name =~ "Avnet MiniZed V1 1234-oj1A"} -index 0
ps7_init
ps7_post_config
targets -set -nocase -filter {name =~ "ARM*#0" && jtag_cable_name =~ "Avnet MiniZed V1 1234-oj1A"} -index 0
dow /home/deazon/final_project/final_project.sdk/nn_inference_grade3/Debug/nn_inference_grade3.elf
configparams force-mem-access 0
----------------End of Script----------------

02:51:33 INFO  : Memory regions updated for context APU
02:51:33 INFO  : Context for processor 'ps7_cortexa9_0' is selected.
02:51:33 INFO  : 'con' command is executed.
02:51:33 INFO  : ----------------XSDB Script (After Launch)----------------
targets -set -nocase -filter {name =~ "ARM*#0" && jtag_cable_name =~ "Avnet MiniZed V1 1234-oj1A"} -index 0
con
----------------End of Script----------------

02:51:33 INFO  : Launch script is exported to file '/home/deazon/final_project/final_project.sdk/.sdk/launch_scripts/xilinx_c-c++_application_(system_debugger)/nn_inference_grade3_debug.tcl'
02:52:04 INFO  : Connected to target on host '127.0.0.1' and port '3121'.
02:52:04 INFO  : 'targets -set -filter {jtag_cable_name =~ "Avnet MiniZed V1 1234-oj1A" && level==0} -index 1' command is executed.
02:52:05 INFO  : FPGA configured successfully with bitstream "/home/deazon/final_project/final_project.sdk/final_project_grade_3_wrapper_hw_platform_0/final_project_grade_3_wrapper.bit"
02:53:03 INFO  : Disconnected from the channel tcfchan#8.
02:53:04 INFO  : Connected to target on host '127.0.0.1' and port '3121'.
02:53:04 INFO  : Jtag cable 'Avnet MiniZed V1 1234-oj1A' is selected.
02:53:04 INFO  : 'jtag frequency' command is executed.
02:53:04 INFO  : Sourcing of '/home/deazon/final_project/final_project.sdk/final_project_grade_3_wrapper_hw_platform_0/ps7_init.tcl' is done.
02:53:04 INFO  : Context for 'APU' is selected.
02:53:04 INFO  : System reset is completed.
02:53:07 INFO  : 'after 3000' command is executed.
02:53:08 INFO  : 'targets -set -filter {jtag_cable_name =~ "Avnet MiniZed V1 1234-oj1A" && level==0} -index 1' command is executed.
02:53:09 INFO  : FPGA configured successfully with bitstream "/home/deazon/final_project/final_project.sdk/final_project_grade_3_wrapper_hw_platform_0/final_project_grade_3_wrapper.bit"
02:53:09 INFO  : Context for 'APU' is selected.
02:53:10 INFO  : Hardware design information is loaded from '/home/deazon/final_project/final_project.sdk/final_project_grade_3_wrapper_hw_platform_0/system.hdf'.
02:53:10 INFO  : 'configparams force-mem-access 1' command is executed.
02:53:10 INFO  : Context for 'APU' is selected.
02:53:10 INFO  : 'ps7_init' command is executed.
02:53:10 INFO  : 'ps7_post_config' command is executed.
02:53:10 INFO  : Context for processor 'ps7_cortexa9_0' is selected.
02:53:10 INFO  : The application '/home/deazon/final_project/final_project.sdk/nn_inference_grade3/Debug/nn_inference_grade3.elf' is downloaded to processor 'ps7_cortexa9_0'.
02:53:10 INFO  : 'configparams force-mem-access 0' command is executed.
02:53:10 INFO  : ----------------XSDB Script----------------
connect -url tcp:127.0.0.1:3121
source /home/deazon/final_project/final_project.sdk/final_project_grade_3_wrapper_hw_platform_0/ps7_init.tcl
targets -set -nocase -filter {name =~"APU*" && jtag_cable_name =~ "Avnet MiniZed V1 1234-oj1A"} -index 0
rst -system
after 3000
targets -set -filter {jtag_cable_name =~ "Avnet MiniZed V1 1234-oj1A" && level==0} -index 1
fpga -file /home/deazon/final_project/final_project.sdk/final_project_grade_3_wrapper_hw_platform_0/final_project_grade_3_wrapper.bit
targets -set -nocase -filter {name =~"APU*" && jtag_cable_name =~ "Avnet MiniZed V1 1234-oj1A"} -index 0
loadhw -hw /home/deazon/final_project/final_project.sdk/final_project_grade_3_wrapper_hw_platform_0/system.hdf -mem-ranges [list {0x40000000 0xbfffffff}]
configparams force-mem-access 1
targets -set -nocase -filter {name =~"APU*" && jtag_cable_name =~ "Avnet MiniZed V1 1234-oj1A"} -index 0
ps7_init
ps7_post_config
targets -set -nocase -filter {name =~ "ARM*#0" && jtag_cable_name =~ "Avnet MiniZed V1 1234-oj1A"} -index 0
dow /home/deazon/final_project/final_project.sdk/nn_inference_grade3/Debug/nn_inference_grade3.elf
configparams force-mem-access 0
----------------End of Script----------------

02:53:10 INFO  : Memory regions updated for context APU
02:53:10 INFO  : Context for processor 'ps7_cortexa9_0' is selected.
02:53:10 INFO  : 'con' command is executed.
02:53:10 INFO  : ----------------XSDB Script (After Launch)----------------
targets -set -nocase -filter {name =~ "ARM*#0" && jtag_cable_name =~ "Avnet MiniZed V1 1234-oj1A"} -index 0
con
----------------End of Script----------------

02:53:10 INFO  : Launch script is exported to file '/home/deazon/final_project/final_project.sdk/.sdk/launch_scripts/xilinx_c-c++_application_(system_debugger)/nn_inference_grade3_debug.tcl'
02:54:01 INFO  : Disconnected from the channel tcfchan#9.
02:54:02 INFO  : Connected to target on host '127.0.0.1' and port '3121'.
02:54:02 INFO  : Jtag cable 'Avnet MiniZed V1 1234-oj1A' is selected.
02:54:02 INFO  : 'jtag frequency' command is executed.
02:54:02 INFO  : Sourcing of '/home/deazon/final_project/final_project.sdk/final_project_grade_3_wrapper_hw_platform_0/ps7_init.tcl' is done.
02:54:02 INFO  : Context for 'APU' is selected.
02:54:02 INFO  : System reset is completed.
02:54:05 INFO  : 'after 3000' command is executed.
02:54:05 INFO  : 'targets -set -filter {jtag_cable_name =~ "Avnet MiniZed V1 1234-oj1A" && level==0} -index 1' command is executed.
02:54:06 INFO  : FPGA configured successfully with bitstream "/home/deazon/final_project/final_project.sdk/final_project_grade_3_wrapper_hw_platform_0/final_project_grade_3_wrapper.bit"
02:54:06 INFO  : Context for 'APU' is selected.
02:54:07 INFO  : Hardware design information is loaded from '/home/deazon/final_project/final_project.sdk/final_project_grade_3_wrapper_hw_platform_0/system.hdf'.
02:54:07 INFO  : 'configparams force-mem-access 1' command is executed.
02:54:07 INFO  : Context for 'APU' is selected.
02:54:08 INFO  : 'ps7_init' command is executed.
02:54:08 INFO  : 'ps7_post_config' command is executed.
02:54:08 INFO  : Context for processor 'ps7_cortexa9_0' is selected.
02:54:08 INFO  : The application '/home/deazon/final_project/final_project.sdk/nn_inference_grade3/Debug/nn_inference_grade3.elf' is downloaded to processor 'ps7_cortexa9_0'.
02:54:08 INFO  : 'configparams force-mem-access 0' command is executed.
02:54:08 INFO  : ----------------XSDB Script----------------
connect -url tcp:127.0.0.1:3121
source /home/deazon/final_project/final_project.sdk/final_project_grade_3_wrapper_hw_platform_0/ps7_init.tcl
targets -set -nocase -filter {name =~"APU*" && jtag_cable_name =~ "Avnet MiniZed V1 1234-oj1A"} -index 0
rst -system
after 3000
targets -set -filter {jtag_cable_name =~ "Avnet MiniZed V1 1234-oj1A" && level==0} -index 1
fpga -file /home/deazon/final_project/final_project.sdk/final_project_grade_3_wrapper_hw_platform_0/final_project_grade_3_wrapper.bit
targets -set -nocase -filter {name =~"APU*" && jtag_cable_name =~ "Avnet MiniZed V1 1234-oj1A"} -index 0
loadhw -hw /home/deazon/final_project/final_project.sdk/final_project_grade_3_wrapper_hw_platform_0/system.hdf -mem-ranges [list {0x40000000 0xbfffffff}]
configparams force-mem-access 1
targets -set -nocase -filter {name =~"APU*" && jtag_cable_name =~ "Avnet MiniZed V1 1234-oj1A"} -index 0
ps7_init
ps7_post_config
targets -set -nocase -filter {name =~ "ARM*#0" && jtag_cable_name =~ "Avnet MiniZed V1 1234-oj1A"} -index 0
dow /home/deazon/final_project/final_project.sdk/nn_inference_grade3/Debug/nn_inference_grade3.elf
configparams force-mem-access 0
----------------End of Script----------------

02:54:08 INFO  : Memory regions updated for context APU
02:54:08 INFO  : Context for processor 'ps7_cortexa9_0' is selected.
02:54:08 INFO  : 'con' command is executed.
02:54:08 INFO  : ----------------XSDB Script (After Launch)----------------
targets -set -nocase -filter {name =~ "ARM*#0" && jtag_cable_name =~ "Avnet MiniZed V1 1234-oj1A"} -index 0
con
----------------End of Script----------------

02:54:08 INFO  : Launch script is exported to file '/home/deazon/final_project/final_project.sdk/.sdk/launch_scripts/xilinx_c-c++_application_(system_debugger)/nn_inference_grade3_debug.tcl'
02:54:40 INFO  : Disconnected from the channel tcfchan#10.
02:54:41 INFO  : Connected to target on host '127.0.0.1' and port '3121'.
02:54:41 INFO  : Jtag cable 'Avnet MiniZed V1 1234-oj1A' is selected.
02:54:41 INFO  : 'jtag frequency' command is executed.
02:54:41 INFO  : Sourcing of '/home/deazon/final_project/final_project.sdk/final_project_grade_3_wrapper_hw_platform_0/ps7_init.tcl' is done.
02:54:41 INFO  : Context for 'APU' is selected.
02:54:41 INFO  : System reset is completed.
02:54:44 INFO  : 'after 3000' command is executed.
02:54:44 INFO  : 'targets -set -filter {jtag_cable_name =~ "Avnet MiniZed V1 1234-oj1A" && level==0} -index 1' command is executed.
02:54:45 INFO  : FPGA configured successfully with bitstream "/home/deazon/final_project/final_project.sdk/final_project_grade_3_wrapper_hw_platform_0/final_project_grade_3_wrapper.bit"
02:54:45 INFO  : Context for 'APU' is selected.
02:54:46 INFO  : Hardware design information is loaded from '/home/deazon/final_project/final_project.sdk/final_project_grade_3_wrapper_hw_platform_0/system.hdf'.
02:54:46 INFO  : 'configparams force-mem-access 1' command is executed.
02:54:46 INFO  : Context for 'APU' is selected.
02:54:46 INFO  : 'ps7_init' command is executed.
02:54:46 INFO  : 'ps7_post_config' command is executed.
02:54:46 INFO  : 'configparams force-mem-access 0' command is executed.
02:54:46 INFO  : ----------------XSDB Script----------------
connect -url tcp:127.0.0.1:3121
source /home/deazon/final_project/final_project.sdk/final_project_grade_3_wrapper_hw_platform_0/ps7_init.tcl
targets -set -nocase -filter {name =~"APU*" && jtag_cable_name =~ "Avnet MiniZed V1 1234-oj1A"} -index 0
rst -system
after 3000
targets -set -filter {jtag_cable_name =~ "Avnet MiniZed V1 1234-oj1A" && level==0} -index 1
fpga -file /home/deazon/final_project/final_project.sdk/final_project_grade_3_wrapper_hw_platform_0/final_project_grade_3_wrapper.bit
targets -set -nocase -filter {name =~"APU*" && jtag_cable_name =~ "Avnet MiniZed V1 1234-oj1A"} -index 0
loadhw -hw /home/deazon/final_project/final_project.sdk/final_project_grade_3_wrapper_hw_platform_0/system.hdf -mem-ranges [list {0x40000000 0xbfffffff}]
configparams force-mem-access 1
targets -set -nocase -filter {name =~"APU*" && jtag_cable_name =~ "Avnet MiniZed V1 1234-oj1A"} -index 0
ps7_init
ps7_post_config
configparams force-mem-access 0
----------------End of Script----------------

02:54:46 INFO  : Memory regions updated for context APU
02:54:46 INFO  : Launch script is exported to file '/home/deazon/final_project/final_project.sdk/.sdk/launch_scripts/xilinx_c-c++_application_(system_debugger)/nn_inference_grade3_debug.tcl'
02:56:09 ERROR : (XSDB Server)Hangup

02:57:10 INFO  : Registering command handlers for SDK TCF services
02:57:12 INFO  : Launching XSCT server: xsct -n -interactive /home/deazon/final_project/final_project.sdk/temp_xsdb_launch_script.tcl
02:57:14 INFO  : XSCT server has started successfully.
02:57:14 INFO  : Successfully done setting XSCT server connection channel  
02:57:14 INFO  : Successfully done setting SDK workspace  
02:57:14 INFO  : Processing command line option -hwspec /home/deazon/final_project/final_project.sdk/final_project_grade_3_wrapper.hdf.
02:57:14 INFO  : Checking for hwspec changes in the project final_project_grade_3_wrapper_hw_platform_0.
02:57:51 INFO  : Connected to target on host '127.0.0.1' and port '3121'.
02:57:52 INFO  : 'targets -set -filter {jtag_cable_name =~ "Avnet MiniZed V1 1234-oj1A" && level==0} -index 1' command is executed.
02:57:53 INFO  : FPGA configured successfully with bitstream "/home/deazon/final_project/final_project.sdk/final_project_grade_3_wrapper_hw_platform_0/final_project_grade_3_wrapper.bit"
02:59:52 INFO  : Connected to target on host '127.0.0.1' and port '3121'.
02:59:52 INFO  : Jtag cable 'Avnet MiniZed V1 1234-oj1A' is selected.
02:59:52 INFO  : 'jtag frequency' command is executed.
02:59:52 INFO  : Sourcing of '/home/deazon/final_project/final_project.sdk/final_project_grade_3_wrapper_hw_platform_0/ps7_init.tcl' is done.
02:59:52 INFO  : Context for 'APU' is selected.
02:59:52 INFO  : System reset is completed.
02:59:55 INFO  : 'after 3000' command is executed.
02:59:55 INFO  : 'targets -set -filter {jtag_cable_name =~ "Avnet MiniZed V1 1234-oj1A" && level==0} -index 1' command is executed.
02:59:56 INFO  : FPGA configured successfully with bitstream "/home/deazon/final_project/final_project.sdk/final_project_grade_3_wrapper_hw_platform_0/final_project_grade_3_wrapper.bit"
02:59:56 INFO  : Context for 'APU' is selected.
02:59:56 INFO  : Hardware design information is loaded from '/home/deazon/final_project/final_project.sdk/final_project_grade_3_wrapper_hw_platform_0/system.hdf'.
02:59:56 INFO  : 'configparams force-mem-access 1' command is executed.
02:59:56 INFO  : Context for 'APU' is selected.
02:59:57 INFO  : 'ps7_init' command is executed.
02:59:57 INFO  : 'ps7_post_config' command is executed.
02:59:57 INFO  : 'configparams force-mem-access 0' command is executed.
02:59:57 INFO  : ----------------XSDB Script----------------
connect -url tcp:127.0.0.1:3121
source /home/deazon/final_project/final_project.sdk/final_project_grade_3_wrapper_hw_platform_0/ps7_init.tcl
targets -set -nocase -filter {name =~"APU*" && jtag_cable_name =~ "Avnet MiniZed V1 1234-oj1A"} -index 0
rst -system
after 3000
targets -set -filter {jtag_cable_name =~ "Avnet MiniZed V1 1234-oj1A" && level==0} -index 1
fpga -file /home/deazon/final_project/final_project.sdk/final_project_grade_3_wrapper_hw_platform_0/final_project_grade_3_wrapper.bit
targets -set -nocase -filter {name =~"APU*" && jtag_cable_name =~ "Avnet MiniZed V1 1234-oj1A"} -index 0
loadhw -hw /home/deazon/final_project/final_project.sdk/final_project_grade_3_wrapper_hw_platform_0/system.hdf -mem-ranges [list {0x40000000 0xbfffffff}]
configparams force-mem-access 1
targets -set -nocase -filter {name =~"APU*" && jtag_cable_name =~ "Avnet MiniZed V1 1234-oj1A"} -index 0
ps7_init
ps7_post_config
configparams force-mem-access 0
----------------End of Script----------------

02:59:57 INFO  : Memory regions updated for context APU
02:59:57 INFO  : Launch script is exported to file '/home/deazon/final_project/final_project.sdk/.sdk/launch_scripts/xilinx_c-c++_application_(system_debugger)/nn_inference_grade3_debug.tcl'
03:00:48 INFO  : Disconnected from the channel tcfchan#1.
03:00:49 INFO  : Connected to target on host '127.0.0.1' and port '3121'.
03:00:49 INFO  : Jtag cable 'Avnet MiniZed V1 1234-oj1A' is selected.
03:00:49 INFO  : 'jtag frequency' command is executed.
03:00:49 INFO  : Sourcing of '/home/deazon/final_project/final_project.sdk/final_project_grade_3_wrapper_hw_platform_0/ps7_init.tcl' is done.
03:00:49 INFO  : Context for 'APU' is selected.
03:00:49 INFO  : System reset is completed.
03:00:52 INFO  : 'after 3000' command is executed.
03:00:52 INFO  : 'targets -set -filter {jtag_cable_name =~ "Avnet MiniZed V1 1234-oj1A" && level==0} -index 1' command is executed.
03:00:53 INFO  : FPGA configured successfully with bitstream "/home/deazon/final_project/final_project.sdk/final_project_grade_3_wrapper_hw_platform_0/final_project_grade_3_wrapper.bit"
03:00:53 INFO  : Context for 'APU' is selected.
03:00:54 INFO  : Hardware design information is loaded from '/home/deazon/final_project/final_project.sdk/final_project_grade_3_wrapper_hw_platform_0/system.hdf'.
03:00:54 INFO  : 'configparams force-mem-access 1' command is executed.
03:00:54 INFO  : Context for 'APU' is selected.
03:00:54 INFO  : 'ps7_init' command is executed.
03:00:54 INFO  : 'ps7_post_config' command is executed.
03:00:54 INFO  : 'configparams force-mem-access 0' command is executed.
03:00:54 INFO  : ----------------XSDB Script----------------
connect -url tcp:127.0.0.1:3121
source /home/deazon/final_project/final_project.sdk/final_project_grade_3_wrapper_hw_platform_0/ps7_init.tcl
targets -set -nocase -filter {name =~"APU*" && jtag_cable_name =~ "Avnet MiniZed V1 1234-oj1A"} -index 0
rst -system
after 3000
targets -set -filter {jtag_cable_name =~ "Avnet MiniZed V1 1234-oj1A" && level==0} -index 1
fpga -file /home/deazon/final_project/final_project.sdk/final_project_grade_3_wrapper_hw_platform_0/final_project_grade_3_wrapper.bit
targets -set -nocase -filter {name =~"APU*" && jtag_cable_name =~ "Avnet MiniZed V1 1234-oj1A"} -index 0
loadhw -hw /home/deazon/final_project/final_project.sdk/final_project_grade_3_wrapper_hw_platform_0/system.hdf -mem-ranges [list {0x40000000 0xbfffffff}]
configparams force-mem-access 1
targets -set -nocase -filter {name =~"APU*" && jtag_cable_name =~ "Avnet MiniZed V1 1234-oj1A"} -index 0
ps7_init
ps7_post_config
configparams force-mem-access 0
----------------End of Script----------------

03:00:54 INFO  : Memory regions updated for context APU
03:00:54 INFO  : Launch script is exported to file '/home/deazon/final_project/final_project.sdk/.sdk/launch_scripts/xilinx_c-c++_application_(system_debugger)/nn_inference_grade3_debug.tcl'
03:02:58 INFO  : Disconnected from the channel tcfchan#2.
03:02:59 INFO  : Connected to target on host '127.0.0.1' and port '3121'.
03:02:59 INFO  : Jtag cable 'Avnet MiniZed V1 1234-oj1A' is selected.
03:02:59 INFO  : 'jtag frequency' command is executed.
03:02:59 INFO  : Sourcing of '/home/deazon/final_project/final_project.sdk/final_project_grade_3_wrapper_hw_platform_0/ps7_init.tcl' is done.
03:02:59 INFO  : Context for 'APU' is selected.
03:02:59 INFO  : System reset is completed.
03:03:02 INFO  : 'after 3000' command is executed.
03:03:02 INFO  : 'targets -set -filter {jtag_cable_name =~ "Avnet MiniZed V1 1234-oj1A" && level==0} -index 1' command is executed.
03:03:03 INFO  : FPGA configured successfully with bitstream "/home/deazon/final_project/final_project.sdk/final_project_grade_3_wrapper_hw_platform_0/final_project_grade_3_wrapper.bit"
03:03:03 INFO  : Context for 'APU' is selected.
03:03:04 INFO  : Hardware design information is loaded from '/home/deazon/final_project/final_project.sdk/final_project_grade_3_wrapper_hw_platform_0/system.hdf'.
03:03:04 INFO  : 'configparams force-mem-access 1' command is executed.
03:03:04 INFO  : Context for 'APU' is selected.
03:03:04 INFO  : 'ps7_init' command is executed.
03:03:04 INFO  : 'ps7_post_config' command is executed.
03:03:04 INFO  : 'configparams force-mem-access 0' command is executed.
03:03:04 INFO  : ----------------XSDB Script----------------
connect -url tcp:127.0.0.1:3121
source /home/deazon/final_project/final_project.sdk/final_project_grade_3_wrapper_hw_platform_0/ps7_init.tcl
targets -set -nocase -filter {name =~"APU*" && jtag_cable_name =~ "Avnet MiniZed V1 1234-oj1A"} -index 0
rst -system
after 3000
targets -set -filter {jtag_cable_name =~ "Avnet MiniZed V1 1234-oj1A" && level==0} -index 1
fpga -file /home/deazon/final_project/final_project.sdk/final_project_grade_3_wrapper_hw_platform_0/final_project_grade_3_wrapper.bit
targets -set -nocase -filter {name =~"APU*" && jtag_cable_name =~ "Avnet MiniZed V1 1234-oj1A"} -index 0
loadhw -hw /home/deazon/final_project/final_project.sdk/final_project_grade_3_wrapper_hw_platform_0/system.hdf -mem-ranges [list {0x40000000 0xbfffffff}]
configparams force-mem-access 1
targets -set -nocase -filter {name =~"APU*" && jtag_cable_name =~ "Avnet MiniZed V1 1234-oj1A"} -index 0
ps7_init
ps7_post_config
configparams force-mem-access 0
----------------End of Script----------------

03:03:04 INFO  : Memory regions updated for context APU
03:03:04 INFO  : Launch script is exported to file '/home/deazon/final_project/final_project.sdk/.sdk/launch_scripts/xilinx_c-c++_application_(system_debugger)/nn_inference_grade3_debug.tcl'
03:03:24 INFO  : Connected to target on host '127.0.0.1' and port '3121'.
03:03:24 INFO  : 'targets -set -filter {jtag_cable_name =~ "Avnet MiniZed V1 1234-oj1A" && level==0} -index 1' command is executed.
03:03:26 INFO  : FPGA configured successfully with bitstream "/home/deazon/final_project/final_project.sdk/final_project_grade_3_wrapper_hw_platform_0/final_project_grade_3_wrapper.bit"
03:03:37 INFO  : Disconnected from the channel tcfchan#3.
03:03:38 INFO  : Connected to target on host '127.0.0.1' and port '3121'.
03:03:38 INFO  : Jtag cable 'Avnet MiniZed V1 1234-oj1A' is selected.
03:03:38 INFO  : 'jtag frequency' command is executed.
03:03:38 INFO  : Sourcing of '/home/deazon/final_project/final_project.sdk/final_project_grade_3_wrapper_hw_platform_0/ps7_init.tcl' is done.
03:03:38 INFO  : Context for 'APU' is selected.
03:03:38 INFO  : System reset is completed.
03:03:41 INFO  : 'after 3000' command is executed.
03:03:41 INFO  : 'targets -set -filter {jtag_cable_name =~ "Avnet MiniZed V1 1234-oj1A" && level==0} -index 1' command is executed.
03:03:43 INFO  : FPGA configured successfully with bitstream "/home/deazon/final_project/final_project.sdk/final_project_grade_3_wrapper_hw_platform_0/final_project_grade_3_wrapper.bit"
03:03:43 INFO  : Context for 'APU' is selected.
03:03:43 INFO  : Hardware design information is loaded from '/home/deazon/final_project/final_project.sdk/final_project_grade_3_wrapper_hw_platform_0/system.hdf'.
03:03:43 INFO  : 'configparams force-mem-access 1' command is executed.
03:03:43 INFO  : Context for 'APU' is selected.
03:03:44 INFO  : 'ps7_init' command is executed.
03:03:44 INFO  : 'ps7_post_config' command is executed.
03:03:44 INFO  : 'configparams force-mem-access 0' command is executed.
03:03:44 INFO  : ----------------XSDB Script----------------
connect -url tcp:127.0.0.1:3121
source /home/deazon/final_project/final_project.sdk/final_project_grade_3_wrapper_hw_platform_0/ps7_init.tcl
targets -set -nocase -filter {name =~"APU*" && jtag_cable_name =~ "Avnet MiniZed V1 1234-oj1A"} -index 0
rst -system
after 3000
targets -set -filter {jtag_cable_name =~ "Avnet MiniZed V1 1234-oj1A" && level==0} -index 1
fpga -file /home/deazon/final_project/final_project.sdk/final_project_grade_3_wrapper_hw_platform_0/final_project_grade_3_wrapper.bit
targets -set -nocase -filter {name =~"APU*" && jtag_cable_name =~ "Avnet MiniZed V1 1234-oj1A"} -index 0
loadhw -hw /home/deazon/final_project/final_project.sdk/final_project_grade_3_wrapper_hw_platform_0/system.hdf -mem-ranges [list {0x40000000 0xbfffffff}]
configparams force-mem-access 1
targets -set -nocase -filter {name =~"APU*" && jtag_cable_name =~ "Avnet MiniZed V1 1234-oj1A"} -index 0
ps7_init
ps7_post_config
configparams force-mem-access 0
----------------End of Script----------------

03:03:44 INFO  : Memory regions updated for context APU
03:03:44 INFO  : Launch script is exported to file '/home/deazon/final_project/final_project.sdk/.sdk/launch_scripts/xilinx_c-c++_application_(system_debugger)/nn_inference_grade3_debug.tcl'
03:04:11 INFO  : Disconnected from the channel tcfchan#4.
03:04:12 INFO  : Connected to target on host '127.0.0.1' and port '3121'.
03:04:12 INFO  : Jtag cable 'Avnet MiniZed V1 1234-oj1A' is selected.
03:04:12 INFO  : 'jtag frequency' command is executed.
03:04:12 INFO  : Sourcing of '/home/deazon/final_project/final_project.sdk/final_project_grade_3_wrapper_hw_platform_0/ps7_init.tcl' is done.
03:04:12 INFO  : Context for 'APU' is selected.
03:04:12 INFO  : System reset is completed.
03:04:15 INFO  : 'after 3000' command is executed.
03:04:15 INFO  : 'targets -set -filter {jtag_cable_name =~ "Avnet MiniZed V1 1234-oj1A" && level==0} -index 1' command is executed.
03:04:16 INFO  : FPGA configured successfully with bitstream "/home/deazon/final_project/final_project.sdk/final_project_grade_3_wrapper_hw_platform_0/final_project_grade_3_wrapper.bit"
03:04:16 INFO  : Context for 'APU' is selected.
03:04:17 INFO  : Hardware design information is loaded from '/home/deazon/final_project/final_project.sdk/final_project_grade_3_wrapper_hw_platform_0/system.hdf'.
03:04:17 INFO  : 'configparams force-mem-access 1' command is executed.
03:04:17 INFO  : Context for 'APU' is selected.
03:04:18 INFO  : 'ps7_init' command is executed.
03:04:18 INFO  : 'ps7_post_config' command is executed.
03:04:18 INFO  : 'configparams force-mem-access 0' command is executed.
03:04:18 INFO  : ----------------XSDB Script----------------
connect -url tcp:127.0.0.1:3121
source /home/deazon/final_project/final_project.sdk/final_project_grade_3_wrapper_hw_platform_0/ps7_init.tcl
targets -set -nocase -filter {name =~"APU*" && jtag_cable_name =~ "Avnet MiniZed V1 1234-oj1A"} -index 0
rst -system
after 3000
targets -set -filter {jtag_cable_name =~ "Avnet MiniZed V1 1234-oj1A" && level==0} -index 1
fpga -file /home/deazon/final_project/final_project.sdk/final_project_grade_3_wrapper_hw_platform_0/final_project_grade_3_wrapper.bit
targets -set -nocase -filter {name =~"APU*" && jtag_cable_name =~ "Avnet MiniZed V1 1234-oj1A"} -index 0
loadhw -hw /home/deazon/final_project/final_project.sdk/final_project_grade_3_wrapper_hw_platform_0/system.hdf -mem-ranges [list {0x40000000 0xbfffffff}]
configparams force-mem-access 1
targets -set -nocase -filter {name =~"APU*" && jtag_cable_name =~ "Avnet MiniZed V1 1234-oj1A"} -index 0
ps7_init
ps7_post_config
configparams force-mem-access 0
----------------End of Script----------------

03:04:18 INFO  : Memory regions updated for context APU
03:04:18 INFO  : Launch script is exported to file '/home/deazon/final_project/final_project.sdk/.sdk/launch_scripts/xilinx_c-c++_application_(system_debugger)/nn_inference_grade3_debug.tcl'
03:04:27 INFO  : Disconnected from the channel tcfchan#5.
03:04:28 INFO  : Connected to target on host '127.0.0.1' and port '3121'.
03:04:28 INFO  : Jtag cable 'Avnet MiniZed V1 1234-oj1A' is selected.
03:04:28 INFO  : 'jtag frequency' command is executed.
03:04:28 INFO  : Sourcing of '/home/deazon/final_project/final_project.sdk/final_project_grade_3_wrapper_hw_platform_0/ps7_init.tcl' is done.
03:04:28 INFO  : Context for 'APU' is selected.
03:04:29 INFO  : System reset is completed.
03:04:32 INFO  : 'after 3000' command is executed.
03:04:32 INFO  : 'targets -set -filter {jtag_cable_name =~ "Avnet MiniZed V1 1234-oj1A" && level==0} -index 1' command is executed.
03:04:33 INFO  : FPGA configured successfully with bitstream "/home/deazon/final_project/final_project.sdk/final_project_grade_3_wrapper_hw_platform_0/final_project_grade_3_wrapper.bit"
03:04:33 INFO  : Context for 'APU' is selected.
03:04:34 INFO  : Hardware design information is loaded from '/home/deazon/final_project/final_project.sdk/final_project_grade_3_wrapper_hw_platform_0/system.hdf'.
03:04:34 INFO  : 'configparams force-mem-access 1' command is executed.
03:04:34 INFO  : Context for 'APU' is selected.
03:04:34 INFO  : 'ps7_init' command is executed.
03:04:34 INFO  : 'ps7_post_config' command is executed.
03:04:34 INFO  : 'configparams force-mem-access 0' command is executed.
03:04:34 INFO  : ----------------XSDB Script----------------
connect -url tcp:127.0.0.1:3121
source /home/deazon/final_project/final_project.sdk/final_project_grade_3_wrapper_hw_platform_0/ps7_init.tcl
targets -set -nocase -filter {name =~"APU*" && jtag_cable_name =~ "Avnet MiniZed V1 1234-oj1A"} -index 0
rst -system
after 3000
targets -set -filter {jtag_cable_name =~ "Avnet MiniZed V1 1234-oj1A" && level==0} -index 1
fpga -file /home/deazon/final_project/final_project.sdk/final_project_grade_3_wrapper_hw_platform_0/final_project_grade_3_wrapper.bit
targets -set -nocase -filter {name =~"APU*" && jtag_cable_name =~ "Avnet MiniZed V1 1234-oj1A"} -index 0
loadhw -hw /home/deazon/final_project/final_project.sdk/final_project_grade_3_wrapper_hw_platform_0/system.hdf -mem-ranges [list {0x40000000 0xbfffffff}]
configparams force-mem-access 1
targets -set -nocase -filter {name =~"APU*" && jtag_cable_name =~ "Avnet MiniZed V1 1234-oj1A"} -index 0
ps7_init
ps7_post_config
configparams force-mem-access 0
----------------End of Script----------------

03:04:34 INFO  : Memory regions updated for context APU
03:04:34 INFO  : Launch script is exported to file '/home/deazon/final_project/final_project.sdk/.sdk/launch_scripts/xilinx_c-c++_application_(system_debugger)/nn_inference_grade3_debug.tcl'
03:06:21 INFO  : Disconnected from the channel tcfchan#6.
03:06:22 INFO  : Connected to target on host '127.0.0.1' and port '3121'.
03:06:22 INFO  : Jtag cable 'Avnet MiniZed V1 1234-oj1A' is selected.
03:06:22 INFO  : 'jtag frequency' command is executed.
03:06:22 INFO  : Sourcing of '/home/deazon/final_project/final_project.sdk/final_project_grade_3_wrapper_hw_platform_0/ps7_init.tcl' is done.
03:06:22 INFO  : Context for 'APU' is selected.
03:06:22 INFO  : System reset is completed.
03:06:25 INFO  : 'after 3000' command is executed.
03:06:25 INFO  : 'targets -set -filter {jtag_cable_name =~ "Avnet MiniZed V1 1234-oj1A" && level==0} -index 1' command is executed.
03:06:26 INFO  : FPGA configured successfully with bitstream "/home/deazon/final_project/final_project.sdk/final_project_grade_3_wrapper_hw_platform_0/final_project_grade_3_wrapper.bit"
03:06:26 INFO  : Context for 'APU' is selected.
03:06:27 INFO  : Hardware design information is loaded from '/home/deazon/final_project/final_project.sdk/final_project_grade_3_wrapper_hw_platform_0/system.hdf'.
03:06:27 INFO  : 'configparams force-mem-access 1' command is executed.
03:06:27 INFO  : Context for 'APU' is selected.
03:06:28 INFO  : 'ps7_init' command is executed.
03:06:28 INFO  : 'ps7_post_config' command is executed.
03:06:28 INFO  : 'configparams force-mem-access 0' command is executed.
03:06:28 INFO  : ----------------XSDB Script----------------
connect -url tcp:127.0.0.1:3121
source /home/deazon/final_project/final_project.sdk/final_project_grade_3_wrapper_hw_platform_0/ps7_init.tcl
targets -set -nocase -filter {name =~"APU*" && jtag_cable_name =~ "Avnet MiniZed V1 1234-oj1A"} -index 0
rst -system
after 3000
targets -set -filter {jtag_cable_name =~ "Avnet MiniZed V1 1234-oj1A" && level==0} -index 1
fpga -file /home/deazon/final_project/final_project.sdk/final_project_grade_3_wrapper_hw_platform_0/final_project_grade_3_wrapper.bit
targets -set -nocase -filter {name =~"APU*" && jtag_cable_name =~ "Avnet MiniZed V1 1234-oj1A"} -index 0
loadhw -hw /home/deazon/final_project/final_project.sdk/final_project_grade_3_wrapper_hw_platform_0/system.hdf -mem-ranges [list {0x40000000 0xbfffffff}]
configparams force-mem-access 1
targets -set -nocase -filter {name =~"APU*" && jtag_cable_name =~ "Avnet MiniZed V1 1234-oj1A"} -index 0
ps7_init
ps7_post_config
configparams force-mem-access 0
----------------End of Script----------------

03:06:28 INFO  : Memory regions updated for context APU
03:06:28 INFO  : Launch script is exported to file '/home/deazon/final_project/final_project.sdk/.sdk/launch_scripts/xilinx_c-c++_application_(system_debugger)/nn_inference_grade3_debug.tcl'
03:07:13 INFO  : Disconnected from the channel tcfchan#7.
03:07:14 INFO  : Connected to target on host '127.0.0.1' and port '3121'.
03:07:14 INFO  : Jtag cable 'Avnet MiniZed V1 1234-oj1A' is selected.
03:07:14 INFO  : 'jtag frequency' command is executed.
03:07:14 INFO  : Sourcing of '/home/deazon/final_project/final_project.sdk/final_project_grade_3_wrapper_hw_platform_0/ps7_init.tcl' is done.
03:07:14 INFO  : Context for 'APU' is selected.
03:07:14 INFO  : System reset is completed.
03:07:17 INFO  : 'after 3000' command is executed.
03:07:17 INFO  : 'targets -set -filter {jtag_cable_name =~ "Avnet MiniZed V1 1234-oj1A" && level==0} -index 1' command is executed.
03:07:18 INFO  : FPGA configured successfully with bitstream "/home/deazon/final_project/final_project.sdk/final_project_grade_3_wrapper_hw_platform_0/final_project_grade_3_wrapper.bit"
03:07:18 INFO  : Context for 'APU' is selected.
03:07:19 INFO  : Hardware design information is loaded from '/home/deazon/final_project/final_project.sdk/final_project_grade_3_wrapper_hw_platform_0/system.hdf'.
03:07:19 INFO  : 'configparams force-mem-access 1' command is executed.
03:07:19 INFO  : Context for 'APU' is selected.
03:07:20 INFO  : 'ps7_init' command is executed.
03:07:20 INFO  : 'ps7_post_config' command is executed.
03:07:20 INFO  : 'configparams force-mem-access 0' command is executed.
03:07:20 INFO  : ----------------XSDB Script----------------
connect -url tcp:127.0.0.1:3121
source /home/deazon/final_project/final_project.sdk/final_project_grade_3_wrapper_hw_platform_0/ps7_init.tcl
targets -set -nocase -filter {name =~"APU*" && jtag_cable_name =~ "Avnet MiniZed V1 1234-oj1A"} -index 0
rst -system
after 3000
targets -set -filter {jtag_cable_name =~ "Avnet MiniZed V1 1234-oj1A" && level==0} -index 1
fpga -file /home/deazon/final_project/final_project.sdk/final_project_grade_3_wrapper_hw_platform_0/final_project_grade_3_wrapper.bit
targets -set -nocase -filter {name =~"APU*" && jtag_cable_name =~ "Avnet MiniZed V1 1234-oj1A"} -index 0
loadhw -hw /home/deazon/final_project/final_project.sdk/final_project_grade_3_wrapper_hw_platform_0/system.hdf -mem-ranges [list {0x40000000 0xbfffffff}]
configparams force-mem-access 1
targets -set -nocase -filter {name =~"APU*" && jtag_cable_name =~ "Avnet MiniZed V1 1234-oj1A"} -index 0
ps7_init
ps7_post_config
configparams force-mem-access 0
----------------End of Script----------------

03:07:20 INFO  : Memory regions updated for context APU
03:07:20 INFO  : Launch script is exported to file '/home/deazon/final_project/final_project.sdk/.sdk/launch_scripts/xilinx_c-c++_application_(system_debugger)/nn_inference_grade3_debug.tcl'
03:08:28 INFO  : Disconnected from the channel tcfchan#8.
03:08:29 INFO  : Connected to target on host '127.0.0.1' and port '3121'.
03:08:29 INFO  : Jtag cable 'Avnet MiniZed V1 1234-oj1A' is selected.
03:08:29 INFO  : 'jtag frequency' command is executed.
03:08:29 INFO  : Sourcing of '/home/deazon/final_project/final_project.sdk/final_project_grade_3_wrapper_hw_platform_0/ps7_init.tcl' is done.
03:08:29 INFO  : Context for 'APU' is selected.
03:08:29 INFO  : System reset is completed.
03:08:32 INFO  : 'after 3000' command is executed.
03:08:33 INFO  : 'targets -set -filter {jtag_cable_name =~ "Avnet MiniZed V1 1234-oj1A" && level==0} -index 1' command is executed.
03:08:34 INFO  : FPGA configured successfully with bitstream "/home/deazon/final_project/final_project.sdk/final_project_grade_3_wrapper_hw_platform_0/final_project_grade_3_wrapper.bit"
03:08:34 INFO  : Context for 'APU' is selected.
03:08:35 INFO  : Hardware design information is loaded from '/home/deazon/final_project/final_project.sdk/final_project_grade_3_wrapper_hw_platform_0/system.hdf'.
03:08:35 INFO  : 'configparams force-mem-access 1' command is executed.
03:08:35 INFO  : Context for 'APU' is selected.
03:08:35 INFO  : 'ps7_init' command is executed.
03:08:35 INFO  : 'ps7_post_config' command is executed.
03:08:35 INFO  : 'configparams force-mem-access 0' command is executed.
03:08:35 INFO  : ----------------XSDB Script----------------
connect -url tcp:127.0.0.1:3121
source /home/deazon/final_project/final_project.sdk/final_project_grade_3_wrapper_hw_platform_0/ps7_init.tcl
targets -set -nocase -filter {name =~"APU*" && jtag_cable_name =~ "Avnet MiniZed V1 1234-oj1A"} -index 0
rst -system
after 3000
targets -set -filter {jtag_cable_name =~ "Avnet MiniZed V1 1234-oj1A" && level==0} -index 1
fpga -file /home/deazon/final_project/final_project.sdk/final_project_grade_3_wrapper_hw_platform_0/final_project_grade_3_wrapper.bit
targets -set -nocase -filter {name =~"APU*" && jtag_cable_name =~ "Avnet MiniZed V1 1234-oj1A"} -index 0
loadhw -hw /home/deazon/final_project/final_project.sdk/final_project_grade_3_wrapper_hw_platform_0/system.hdf -mem-ranges [list {0x40000000 0xbfffffff}]
configparams force-mem-access 1
targets -set -nocase -filter {name =~"APU*" && jtag_cable_name =~ "Avnet MiniZed V1 1234-oj1A"} -index 0
ps7_init
ps7_post_config
configparams force-mem-access 0
----------------End of Script----------------

03:08:35 INFO  : Memory regions updated for context APU
03:08:35 INFO  : Launch script is exported to file '/home/deazon/final_project/final_project.sdk/.sdk/launch_scripts/xilinx_c-c++_application_(system_debugger)/nn_inference_grade3_debug.tcl'
03:10:25 INFO  : Disconnected from the channel tcfchan#9.
03:10:26 INFO  : Connected to target on host '127.0.0.1' and port '3121'.
03:10:26 INFO  : Jtag cable 'Avnet MiniZed V1 1234-oj1A' is selected.
03:10:26 INFO  : 'jtag frequency' command is executed.
03:10:26 INFO  : Sourcing of '/home/deazon/final_project/final_project.sdk/final_project_grade_3_wrapper_hw_platform_0/ps7_init.tcl' is done.
03:10:26 INFO  : Context for 'APU' is selected.
03:10:26 INFO  : System reset is completed.
03:10:29 INFO  : 'after 3000' command is executed.
03:10:29 INFO  : 'targets -set -filter {jtag_cable_name =~ "Avnet MiniZed V1 1234-oj1A" && level==0} -index 1' command is executed.
03:10:30 INFO  : FPGA configured successfully with bitstream "/home/deazon/final_project/final_project.sdk/final_project_grade_3_wrapper_hw_platform_0/final_project_grade_3_wrapper.bit"
03:10:30 INFO  : Context for 'APU' is selected.
03:10:32 INFO  : Hardware design information is loaded from '/home/deazon/final_project/final_project.sdk/final_project_grade_3_wrapper_hw_platform_0/system.hdf'.
03:10:32 INFO  : 'configparams force-mem-access 1' command is executed.
03:10:32 INFO  : Context for 'APU' is selected.
03:10:32 INFO  : 'ps7_init' command is executed.
03:10:32 INFO  : 'ps7_post_config' command is executed.
03:10:32 INFO  : 'configparams force-mem-access 0' command is executed.
03:10:32 INFO  : ----------------XSDB Script----------------
connect -url tcp:127.0.0.1:3121
source /home/deazon/final_project/final_project.sdk/final_project_grade_3_wrapper_hw_platform_0/ps7_init.tcl
targets -set -nocase -filter {name =~"APU*" && jtag_cable_name =~ "Avnet MiniZed V1 1234-oj1A"} -index 0
rst -system
after 3000
targets -set -filter {jtag_cable_name =~ "Avnet MiniZed V1 1234-oj1A" && level==0} -index 1
fpga -file /home/deazon/final_project/final_project.sdk/final_project_grade_3_wrapper_hw_platform_0/final_project_grade_3_wrapper.bit
targets -set -nocase -filter {name =~"APU*" && jtag_cable_name =~ "Avnet MiniZed V1 1234-oj1A"} -index 0
loadhw -hw /home/deazon/final_project/final_project.sdk/final_project_grade_3_wrapper_hw_platform_0/system.hdf -mem-ranges [list {0x40000000 0xbfffffff}]
configparams force-mem-access 1
targets -set -nocase -filter {name =~"APU*" && jtag_cable_name =~ "Avnet MiniZed V1 1234-oj1A"} -index 0
ps7_init
ps7_post_config
configparams force-mem-access 0
----------------End of Script----------------

03:10:32 INFO  : Memory regions updated for context APU
03:10:32 INFO  : Launch script is exported to file '/home/deazon/final_project/final_project.sdk/.sdk/launch_scripts/xilinx_c-c++_application_(system_debugger)/nn_inference_grade3_debug.tcl'
03:10:39 INFO  : Disconnected from the channel tcfchan#10.
03:10:40 INFO  : Connected to target on host '127.0.0.1' and port '3121'.
03:10:40 INFO  : Jtag cable 'Avnet MiniZed V1 1234-oj1A' is selected.
03:10:40 INFO  : 'jtag frequency' command is executed.
03:10:40 INFO  : Sourcing of '/home/deazon/final_project/final_project.sdk/final_project_grade_3_wrapper_hw_platform_0/ps7_init.tcl' is done.
03:10:40 INFO  : Context for 'APU' is selected.
03:10:40 INFO  : System reset is completed.
03:10:43 INFO  : 'after 3000' command is executed.
03:10:43 INFO  : 'targets -set -filter {jtag_cable_name =~ "Avnet MiniZed V1 1234-oj1A" && level==0} -index 1' command is executed.
03:10:44 INFO  : FPGA configured successfully with bitstream "/home/deazon/final_project/final_project.sdk/final_project_grade_3_wrapper_hw_platform_0/final_project_grade_3_wrapper.bit"
03:10:44 INFO  : Context for 'APU' is selected.
03:10:45 INFO  : Hardware design information is loaded from '/home/deazon/final_project/final_project.sdk/final_project_grade_3_wrapper_hw_platform_0/system.hdf'.
03:10:45 INFO  : 'configparams force-mem-access 1' command is executed.
03:10:45 INFO  : Context for 'APU' is selected.
03:10:45 INFO  : 'ps7_init' command is executed.
03:10:45 INFO  : 'ps7_post_config' command is executed.
03:10:45 INFO  : 'configparams force-mem-access 0' command is executed.
03:10:45 INFO  : ----------------XSDB Script----------------
connect -url tcp:127.0.0.1:3121
source /home/deazon/final_project/final_project.sdk/final_project_grade_3_wrapper_hw_platform_0/ps7_init.tcl
targets -set -nocase -filter {name =~"APU*" && jtag_cable_name =~ "Avnet MiniZed V1 1234-oj1A"} -index 0
rst -system
after 3000
targets -set -filter {jtag_cable_name =~ "Avnet MiniZed V1 1234-oj1A" && level==0} -index 1
fpga -file /home/deazon/final_project/final_project.sdk/final_project_grade_3_wrapper_hw_platform_0/final_project_grade_3_wrapper.bit
targets -set -nocase -filter {name =~"APU*" && jtag_cable_name =~ "Avnet MiniZed V1 1234-oj1A"} -index 0
loadhw -hw /home/deazon/final_project/final_project.sdk/final_project_grade_3_wrapper_hw_platform_0/system.hdf -mem-ranges [list {0x40000000 0xbfffffff}]
configparams force-mem-access 1
targets -set -nocase -filter {name =~"APU*" && jtag_cable_name =~ "Avnet MiniZed V1 1234-oj1A"} -index 0
ps7_init
ps7_post_config
configparams force-mem-access 0
----------------End of Script----------------

03:10:45 INFO  : Memory regions updated for context APU
03:10:45 INFO  : Launch script is exported to file '/home/deazon/final_project/final_project.sdk/.sdk/launch_scripts/xilinx_c-c++_application_(system_debugger)/nn_inference_grade3_debug.tcl'
03:12:11 INFO  : Disconnected from the channel tcfchan#11.
03:12:12 INFO  : Connected to target on host '127.0.0.1' and port '3121'.
03:12:12 INFO  : Jtag cable 'Avnet MiniZed V1 1234-oj1A' is selected.
03:12:12 INFO  : 'jtag frequency' command is executed.
03:12:12 INFO  : Sourcing of '/home/deazon/final_project/final_project.sdk/final_project_grade_3_wrapper_hw_platform_0/ps7_init.tcl' is done.
03:12:12 INFO  : Context for 'APU' is selected.
03:12:12 INFO  : System reset is completed.
03:12:15 INFO  : 'after 3000' command is executed.
03:12:15 INFO  : 'targets -set -filter {jtag_cable_name =~ "Avnet MiniZed V1 1234-oj1A" && level==0} -index 1' command is executed.
03:12:16 INFO  : FPGA configured successfully with bitstream "/home/deazon/final_project/final_project.sdk/final_project_grade_3_wrapper_hw_platform_0/final_project_grade_3_wrapper.bit"
03:12:16 INFO  : Context for 'APU' is selected.
03:12:17 INFO  : Hardware design information is loaded from '/home/deazon/final_project/final_project.sdk/final_project_grade_3_wrapper_hw_platform_0/system.hdf'.
03:12:17 INFO  : 'configparams force-mem-access 1' command is executed.
03:12:17 INFO  : Context for 'APU' is selected.
03:12:17 INFO  : 'ps7_init' command is executed.
03:12:17 INFO  : 'ps7_post_config' command is executed.
03:12:17 INFO  : 'configparams force-mem-access 0' command is executed.
03:12:17 INFO  : ----------------XSDB Script----------------
connect -url tcp:127.0.0.1:3121
source /home/deazon/final_project/final_project.sdk/final_project_grade_3_wrapper_hw_platform_0/ps7_init.tcl
targets -set -nocase -filter {name =~"APU*" && jtag_cable_name =~ "Avnet MiniZed V1 1234-oj1A"} -index 0
rst -system
after 3000
targets -set -filter {jtag_cable_name =~ "Avnet MiniZed V1 1234-oj1A" && level==0} -index 1
fpga -file /home/deazon/final_project/final_project.sdk/final_project_grade_3_wrapper_hw_platform_0/final_project_grade_3_wrapper.bit
targets -set -nocase -filter {name =~"APU*" && jtag_cable_name =~ "Avnet MiniZed V1 1234-oj1A"} -index 0
loadhw -hw /home/deazon/final_project/final_project.sdk/final_project_grade_3_wrapper_hw_platform_0/system.hdf -mem-ranges [list {0x40000000 0xbfffffff}]
configparams force-mem-access 1
targets -set -nocase -filter {name =~"APU*" && jtag_cable_name =~ "Avnet MiniZed V1 1234-oj1A"} -index 0
ps7_init
ps7_post_config
configparams force-mem-access 0
----------------End of Script----------------

03:12:17 INFO  : Memory regions updated for context APU
03:12:17 INFO  : Launch script is exported to file '/home/deazon/final_project/final_project.sdk/.sdk/launch_scripts/xilinx_c-c++_application_(system_debugger)/nn_inference_grade3_debug.tcl'
03:12:52 INFO  : Connected to target on host '127.0.0.1' and port '3121'.
03:12:52 INFO  : 'targets -set -filter {jtag_cable_name =~ "Avnet MiniZed V1 1234-oj1A" && level==0} -index 1' command is executed.
03:12:53 INFO  : FPGA configured successfully with bitstream "/home/deazon/final_project/final_project.sdk/final_project_grade_3_wrapper_hw_platform_0/final_project_grade_3_wrapper.bit"
03:14:03 INFO  : Disconnected from the channel tcfchan#12.
03:14:04 INFO  : Connected to target on host '127.0.0.1' and port '3121'.
03:14:04 INFO  : Jtag cable 'Avnet MiniZed V1 1234-oj1A' is selected.
03:14:04 INFO  : 'jtag frequency' command is executed.
03:14:04 INFO  : Sourcing of '/home/deazon/final_project/final_project.sdk/final_project_grade_3_wrapper_hw_platform_0/ps7_init.tcl' is done.
03:14:04 INFO  : Context for 'APU' is selected.
03:14:04 INFO  : System reset is completed.
03:14:07 INFO  : 'after 3000' command is executed.
03:14:07 INFO  : 'targets -set -filter {jtag_cable_name =~ "Avnet MiniZed V1 1234-oj1A" && level==0} -index 1' command is executed.
03:14:08 INFO  : FPGA configured successfully with bitstream "/home/deazon/final_project/final_project.sdk/final_project_grade_3_wrapper_hw_platform_0/final_project_grade_3_wrapper.bit"
03:14:08 INFO  : Context for 'APU' is selected.
03:14:10 INFO  : Hardware design information is loaded from '/home/deazon/final_project/final_project.sdk/final_project_grade_3_wrapper_hw_platform_0/system.hdf'.
03:14:10 INFO  : 'configparams force-mem-access 1' command is executed.
03:14:10 INFO  : Context for 'APU' is selected.
03:14:10 INFO  : 'ps7_init' command is executed.
03:14:10 INFO  : 'ps7_post_config' command is executed.
03:14:10 INFO  : 'configparams force-mem-access 0' command is executed.
03:14:10 INFO  : ----------------XSDB Script----------------
connect -url tcp:127.0.0.1:3121
source /home/deazon/final_project/final_project.sdk/final_project_grade_3_wrapper_hw_platform_0/ps7_init.tcl
targets -set -nocase -filter {name =~"APU*" && jtag_cable_name =~ "Avnet MiniZed V1 1234-oj1A"} -index 0
rst -system
after 3000
targets -set -filter {jtag_cable_name =~ "Avnet MiniZed V1 1234-oj1A" && level==0} -index 1
fpga -file /home/deazon/final_project/final_project.sdk/final_project_grade_3_wrapper_hw_platform_0/final_project_grade_3_wrapper.bit
targets -set -nocase -filter {name =~"APU*" && jtag_cable_name =~ "Avnet MiniZed V1 1234-oj1A"} -index 0
loadhw -hw /home/deazon/final_project/final_project.sdk/final_project_grade_3_wrapper_hw_platform_0/system.hdf -mem-ranges [list {0x40000000 0xbfffffff}]
configparams force-mem-access 1
targets -set -nocase -filter {name =~"APU*" && jtag_cable_name =~ "Avnet MiniZed V1 1234-oj1A"} -index 0
ps7_init
ps7_post_config
configparams force-mem-access 0
----------------End of Script----------------

03:14:10 INFO  : Memory regions updated for context APU
03:14:10 INFO  : Launch script is exported to file '/home/deazon/final_project/final_project.sdk/.sdk/launch_scripts/xilinx_c-c++_application_(system_debugger)/nn_inference_grade3_debug.tcl'
03:17:54 INFO  : Disconnected from the channel tcfchan#13.
03:17:55 INFO  : Connected to target on host '127.0.0.1' and port '3121'.
03:17:55 INFO  : Jtag cable 'Avnet MiniZed V1 1234-oj1A' is selected.
03:17:55 INFO  : 'jtag frequency' command is executed.
03:17:55 INFO  : Sourcing of '/home/deazon/final_project/final_project.sdk/final_project_grade_3_wrapper_hw_platform_0/ps7_init.tcl' is done.
03:17:55 INFO  : Context for 'APU' is selected.
03:17:55 INFO  : System reset is completed.
03:17:58 INFO  : 'after 3000' command is executed.
03:17:58 INFO  : 'targets -set -filter {jtag_cable_name =~ "Avnet MiniZed V1 1234-oj1A" && level==0} -index 1' command is executed.
03:17:59 INFO  : FPGA configured successfully with bitstream "/home/deazon/final_project/final_project.sdk/final_project_grade_3_wrapper_hw_platform_0/final_project_grade_3_wrapper.bit"
03:18:00 INFO  : Context for 'APU' is selected.
03:18:00 INFO  : Hardware design information is loaded from '/home/deazon/final_project/final_project.sdk/final_project_grade_3_wrapper_hw_platform_0/system.hdf'.
03:18:00 INFO  : 'configparams force-mem-access 1' command is executed.
03:18:00 INFO  : Context for 'APU' is selected.
03:18:01 INFO  : 'ps7_init' command is executed.
03:18:01 INFO  : 'ps7_post_config' command is executed.
03:18:01 INFO  : 'configparams force-mem-access 0' command is executed.
03:18:01 INFO  : ----------------XSDB Script----------------
connect -url tcp:127.0.0.1:3121
source /home/deazon/final_project/final_project.sdk/final_project_grade_3_wrapper_hw_platform_0/ps7_init.tcl
targets -set -nocase -filter {name =~"APU*" && jtag_cable_name =~ "Avnet MiniZed V1 1234-oj1A"} -index 0
rst -system
after 3000
targets -set -filter {jtag_cable_name =~ "Avnet MiniZed V1 1234-oj1A" && level==0} -index 1
fpga -file /home/deazon/final_project/final_project.sdk/final_project_grade_3_wrapper_hw_platform_0/final_project_grade_3_wrapper.bit
targets -set -nocase -filter {name =~"APU*" && jtag_cable_name =~ "Avnet MiniZed V1 1234-oj1A"} -index 0
loadhw -hw /home/deazon/final_project/final_project.sdk/final_project_grade_3_wrapper_hw_platform_0/system.hdf -mem-ranges [list {0x40000000 0xbfffffff}]
configparams force-mem-access 1
targets -set -nocase -filter {name =~"APU*" && jtag_cable_name =~ "Avnet MiniZed V1 1234-oj1A"} -index 0
ps7_init
ps7_post_config
configparams force-mem-access 0
----------------End of Script----------------

03:18:01 INFO  : Memory regions updated for context APU
03:18:01 INFO  : Launch script is exported to file '/home/deazon/final_project/final_project.sdk/.sdk/launch_scripts/xilinx_c-c++_application_(system_debugger)/nn_inference_grade3_debug.tcl'
03:21:26 INFO  : Disconnected from the channel tcfchan#14.
03:21:27 INFO  : Connected to target on host '127.0.0.1' and port '3121'.
03:21:27 INFO  : Jtag cable 'Avnet MiniZed V1 1234-oj1A' is selected.
03:21:27 INFO  : 'jtag frequency' command is executed.
03:21:27 INFO  : Sourcing of '/home/deazon/final_project/final_project.sdk/final_project_grade_3_wrapper_hw_platform_0/ps7_init.tcl' is done.
03:21:27 INFO  : Context for 'APU' is selected.
03:21:27 INFO  : System reset is completed.
03:21:30 INFO  : 'after 3000' command is executed.
03:21:30 INFO  : 'targets -set -filter {jtag_cable_name =~ "Avnet MiniZed V1 1234-oj1A" && level==0} -index 1' command is executed.
03:21:31 INFO  : FPGA configured successfully with bitstream "/home/deazon/final_project/final_project.sdk/final_project_grade_3_wrapper_hw_platform_0/final_project_grade_3_wrapper.bit"
03:21:31 INFO  : Context for 'APU' is selected.
03:21:32 INFO  : Hardware design information is loaded from '/home/deazon/final_project/final_project.sdk/final_project_grade_3_wrapper_hw_platform_0/system.hdf'.
03:21:32 INFO  : 'configparams force-mem-access 1' command is executed.
03:21:32 INFO  : Context for 'APU' is selected.
03:21:32 INFO  : 'ps7_init' command is executed.
03:21:32 INFO  : 'ps7_post_config' command is executed.
03:21:32 INFO  : 'configparams force-mem-access 0' command is executed.
03:21:32 INFO  : ----------------XSDB Script----------------
connect -url tcp:127.0.0.1:3121
source /home/deazon/final_project/final_project.sdk/final_project_grade_3_wrapper_hw_platform_0/ps7_init.tcl
targets -set -nocase -filter {name =~"APU*" && jtag_cable_name =~ "Avnet MiniZed V1 1234-oj1A"} -index 0
rst -system
after 3000
targets -set -filter {jtag_cable_name =~ "Avnet MiniZed V1 1234-oj1A" && level==0} -index 1
fpga -file /home/deazon/final_project/final_project.sdk/final_project_grade_3_wrapper_hw_platform_0/final_project_grade_3_wrapper.bit
targets -set -nocase -filter {name =~"APU*" && jtag_cable_name =~ "Avnet MiniZed V1 1234-oj1A"} -index 0
loadhw -hw /home/deazon/final_project/final_project.sdk/final_project_grade_3_wrapper_hw_platform_0/system.hdf -mem-ranges [list {0x40000000 0xbfffffff}]
configparams force-mem-access 1
targets -set -nocase -filter {name =~"APU*" && jtag_cable_name =~ "Avnet MiniZed V1 1234-oj1A"} -index 0
ps7_init
ps7_post_config
configparams force-mem-access 0
----------------End of Script----------------

03:21:32 INFO  : Memory regions updated for context APU
03:21:32 INFO  : Launch script is exported to file '/home/deazon/final_project/final_project.sdk/.sdk/launch_scripts/xilinx_c-c++_application_(system_debugger)/nn_inference_grade3_debug.tcl'
03:22:00 INFO  : Disconnected from the channel tcfchan#15.
03:22:01 INFO  : Connected to target on host '127.0.0.1' and port '3121'.
03:22:01 INFO  : Jtag cable 'Avnet MiniZed V1 1234-oj1A' is selected.
03:22:01 INFO  : 'jtag frequency' command is executed.
03:22:01 INFO  : Sourcing of '/home/deazon/final_project/final_project.sdk/final_project_grade_3_wrapper_hw_platform_0/ps7_init.tcl' is done.
03:22:01 INFO  : Context for 'APU' is selected.
03:22:01 INFO  : System reset is completed.
03:22:04 INFO  : 'after 3000' command is executed.
03:22:05 INFO  : 'targets -set -filter {jtag_cable_name =~ "Avnet MiniZed V1 1234-oj1A" && level==0} -index 1' command is executed.
03:22:06 INFO  : FPGA configured successfully with bitstream "/home/deazon/final_project/final_project.sdk/final_project_grade_3_wrapper_hw_platform_0/final_project_grade_3_wrapper.bit"
03:22:06 INFO  : Context for 'APU' is selected.
03:22:07 INFO  : Hardware design information is loaded from '/home/deazon/final_project/final_project.sdk/final_project_grade_3_wrapper_hw_platform_0/system.hdf'.
03:22:07 INFO  : 'configparams force-mem-access 1' command is executed.
03:22:07 INFO  : Context for 'APU' is selected.
03:22:07 INFO  : 'ps7_init' command is executed.
03:22:07 INFO  : 'ps7_post_config' command is executed.
03:22:07 INFO  : 'configparams force-mem-access 0' command is executed.
03:22:07 INFO  : ----------------XSDB Script----------------
connect -url tcp:127.0.0.1:3121
source /home/deazon/final_project/final_project.sdk/final_project_grade_3_wrapper_hw_platform_0/ps7_init.tcl
targets -set -nocase -filter {name =~"APU*" && jtag_cable_name =~ "Avnet MiniZed V1 1234-oj1A"} -index 0
rst -system
after 3000
targets -set -filter {jtag_cable_name =~ "Avnet MiniZed V1 1234-oj1A" && level==0} -index 1
fpga -file /home/deazon/final_project/final_project.sdk/final_project_grade_3_wrapper_hw_platform_0/final_project_grade_3_wrapper.bit
targets -set -nocase -filter {name =~"APU*" && jtag_cable_name =~ "Avnet MiniZed V1 1234-oj1A"} -index 0
loadhw -hw /home/deazon/final_project/final_project.sdk/final_project_grade_3_wrapper_hw_platform_0/system.hdf -mem-ranges [list {0x40000000 0xbfffffff}]
configparams force-mem-access 1
targets -set -nocase -filter {name =~"APU*" && jtag_cable_name =~ "Avnet MiniZed V1 1234-oj1A"} -index 0
ps7_init
ps7_post_config
configparams force-mem-access 0
----------------End of Script----------------

03:22:07 INFO  : Memory regions updated for context APU
03:22:07 INFO  : Launch script is exported to file '/home/deazon/final_project/final_project.sdk/.sdk/launch_scripts/xilinx_c-c++_application_(system_debugger)/nn_inference_grade3_debug.tcl'
03:22:20 INFO  : Disconnected from the channel tcfchan#16.
03:22:21 INFO  : Connected to target on host '127.0.0.1' and port '3121'.
03:22:21 INFO  : Jtag cable 'Avnet MiniZed V1 1234-oj1A' is selected.
03:22:21 INFO  : 'jtag frequency' command is executed.
03:22:21 INFO  : Sourcing of '/home/deazon/final_project/final_project.sdk/final_project_grade_3_wrapper_hw_platform_0/ps7_init.tcl' is done.
03:22:21 INFO  : Context for 'APU' is selected.
03:22:21 INFO  : System reset is completed.
03:22:24 INFO  : 'after 3000' command is executed.
03:22:24 INFO  : 'targets -set -filter {jtag_cable_name =~ "Avnet MiniZed V1 1234-oj1A" && level==0} -index 1' command is executed.
03:22:25 INFO  : FPGA configured successfully with bitstream "/home/deazon/final_project/final_project.sdk/final_project_grade_3_wrapper_hw_platform_0/final_project_grade_3_wrapper.bit"
03:22:25 INFO  : Context for 'APU' is selected.
03:22:26 INFO  : Hardware design information is loaded from '/home/deazon/final_project/final_project.sdk/final_project_grade_3_wrapper_hw_platform_0/system.hdf'.
03:22:26 INFO  : 'configparams force-mem-access 1' command is executed.
03:22:26 INFO  : Context for 'APU' is selected.
03:22:26 INFO  : 'ps7_init' command is executed.
03:22:26 INFO  : 'ps7_post_config' command is executed.
03:22:26 INFO  : 'configparams force-mem-access 0' command is executed.
03:22:26 INFO  : ----------------XSDB Script----------------
connect -url tcp:127.0.0.1:3121
source /home/deazon/final_project/final_project.sdk/final_project_grade_3_wrapper_hw_platform_0/ps7_init.tcl
targets -set -nocase -filter {name =~"APU*" && jtag_cable_name =~ "Avnet MiniZed V1 1234-oj1A"} -index 0
rst -system
after 3000
targets -set -filter {jtag_cable_name =~ "Avnet MiniZed V1 1234-oj1A" && level==0} -index 1
fpga -file /home/deazon/final_project/final_project.sdk/final_project_grade_3_wrapper_hw_platform_0/final_project_grade_3_wrapper.bit
targets -set -nocase -filter {name =~"APU*" && jtag_cable_name =~ "Avnet MiniZed V1 1234-oj1A"} -index 0
loadhw -hw /home/deazon/final_project/final_project.sdk/final_project_grade_3_wrapper_hw_platform_0/system.hdf -mem-ranges [list {0x40000000 0xbfffffff}]
configparams force-mem-access 1
targets -set -nocase -filter {name =~"APU*" && jtag_cable_name =~ "Avnet MiniZed V1 1234-oj1A"} -index 0
ps7_init
ps7_post_config
configparams force-mem-access 0
----------------End of Script----------------

03:22:26 INFO  : Memory regions updated for context APU
03:22:26 INFO  : Launch script is exported to file '/home/deazon/final_project/final_project.sdk/.sdk/launch_scripts/xilinx_c-c++_application_(system_debugger)/nn_inference_grade3_debug.tcl'
03:23:46 INFO  : Disconnected from the channel tcfchan#17.
03:23:47 INFO  : Connected to target on host '127.0.0.1' and port '3121'.
03:23:47 INFO  : Jtag cable 'Avnet MiniZed V1 1234-oj1A' is selected.
03:23:47 INFO  : 'jtag frequency' command is executed.
03:23:48 INFO  : Sourcing of '/home/deazon/final_project/final_project.sdk/final_project_grade_3_wrapper_hw_platform_0/ps7_init.tcl' is done.
03:23:48 INFO  : Context for 'APU' is selected.
03:23:48 INFO  : System reset is completed.
03:23:51 INFO  : 'after 3000' command is executed.
03:23:51 INFO  : 'targets -set -filter {jtag_cable_name =~ "Avnet MiniZed V1 1234-oj1A" && level==0} -index 1' command is executed.
03:23:52 INFO  : FPGA configured successfully with bitstream "/home/deazon/final_project/final_project.sdk/final_project_grade_3_wrapper_hw_platform_0/final_project_grade_3_wrapper.bit"
03:23:52 INFO  : Context for 'APU' is selected.
03:23:53 INFO  : Hardware design information is loaded from '/home/deazon/final_project/final_project.sdk/final_project_grade_3_wrapper_hw_platform_0/system.hdf'.
03:23:53 INFO  : 'configparams force-mem-access 1' command is executed.
03:23:53 INFO  : Context for 'APU' is selected.
03:23:53 INFO  : 'ps7_init' command is executed.
03:23:53 INFO  : 'ps7_post_config' command is executed.
03:23:53 INFO  : 'configparams force-mem-access 0' command is executed.
03:23:53 INFO  : ----------------XSDB Script----------------
connect -url tcp:127.0.0.1:3121
source /home/deazon/final_project/final_project.sdk/final_project_grade_3_wrapper_hw_platform_0/ps7_init.tcl
targets -set -nocase -filter {name =~"APU*" && jtag_cable_name =~ "Avnet MiniZed V1 1234-oj1A"} -index 0
rst -system
after 3000
targets -set -filter {jtag_cable_name =~ "Avnet MiniZed V1 1234-oj1A" && level==0} -index 1
fpga -file /home/deazon/final_project/final_project.sdk/final_project_grade_3_wrapper_hw_platform_0/final_project_grade_3_wrapper.bit
targets -set -nocase -filter {name =~"APU*" && jtag_cable_name =~ "Avnet MiniZed V1 1234-oj1A"} -index 0
loadhw -hw /home/deazon/final_project/final_project.sdk/final_project_grade_3_wrapper_hw_platform_0/system.hdf -mem-ranges [list {0x40000000 0xbfffffff}]
configparams force-mem-access 1
targets -set -nocase -filter {name =~"APU*" && jtag_cable_name =~ "Avnet MiniZed V1 1234-oj1A"} -index 0
ps7_init
ps7_post_config
configparams force-mem-access 0
----------------End of Script----------------

03:23:53 INFO  : Memory regions updated for context APU
03:23:53 INFO  : Launch script is exported to file '/home/deazon/final_project/final_project.sdk/.sdk/launch_scripts/xilinx_c-c++_application_(system_debugger)/nn_inference_grade3_debug.tcl'
03:28:12 INFO  : Disconnected from the channel tcfchan#18.
03:28:13 INFO  : Connected to target on host '127.0.0.1' and port '3121'.
03:28:13 INFO  : Jtag cable 'Avnet MiniZed V1 1234-oj1A' is selected.
03:28:13 INFO  : 'jtag frequency' command is executed.
03:28:13 INFO  : Sourcing of '/home/deazon/final_project/final_project.sdk/final_project_grade_3_wrapper_hw_platform_0/ps7_init.tcl' is done.
03:28:13 INFO  : Context for 'APU' is selected.
03:28:13 INFO  : System reset is completed.
03:28:16 INFO  : 'after 3000' command is executed.
03:28:16 INFO  : 'targets -set -filter {jtag_cable_name =~ "Avnet MiniZed V1 1234-oj1A" && level==0} -index 1' command is executed.
03:28:17 INFO  : FPGA configured successfully with bitstream "/home/deazon/final_project/final_project.sdk/final_project_grade_3_wrapper_hw_platform_0/final_project_grade_3_wrapper.bit"
03:28:17 INFO  : Context for 'APU' is selected.
03:28:18 INFO  : Hardware design information is loaded from '/home/deazon/final_project/final_project.sdk/final_project_grade_3_wrapper_hw_platform_0/system.hdf'.
03:28:18 INFO  : 'configparams force-mem-access 1' command is executed.
03:28:18 INFO  : Context for 'APU' is selected.
03:28:18 INFO  : 'ps7_init' command is executed.
03:28:18 INFO  : 'ps7_post_config' command is executed.
03:28:18 INFO  : 'configparams force-mem-access 0' command is executed.
03:28:18 INFO  : ----------------XSDB Script----------------
connect -url tcp:127.0.0.1:3121
source /home/deazon/final_project/final_project.sdk/final_project_grade_3_wrapper_hw_platform_0/ps7_init.tcl
targets -set -nocase -filter {name =~"APU*" && jtag_cable_name =~ "Avnet MiniZed V1 1234-oj1A"} -index 0
rst -system
after 3000
targets -set -filter {jtag_cable_name =~ "Avnet MiniZed V1 1234-oj1A" && level==0} -index 1
fpga -file /home/deazon/final_project/final_project.sdk/final_project_grade_3_wrapper_hw_platform_0/final_project_grade_3_wrapper.bit
targets -set -nocase -filter {name =~"APU*" && jtag_cable_name =~ "Avnet MiniZed V1 1234-oj1A"} -index 0
loadhw -hw /home/deazon/final_project/final_project.sdk/final_project_grade_3_wrapper_hw_platform_0/system.hdf -mem-ranges [list {0x40000000 0xbfffffff}]
configparams force-mem-access 1
targets -set -nocase -filter {name =~"APU*" && jtag_cable_name =~ "Avnet MiniZed V1 1234-oj1A"} -index 0
ps7_init
ps7_post_config
configparams force-mem-access 0
----------------End of Script----------------

03:28:18 INFO  : Memory regions updated for context APU
03:28:18 INFO  : Launch script is exported to file '/home/deazon/final_project/final_project.sdk/.sdk/launch_scripts/xilinx_c-c++_application_(system_debugger)/nn_inference_grade3_debug.tcl'
03:28:56 INFO  : Disconnected from the channel tcfchan#19.
03:28:57 INFO  : Connected to target on host '127.0.0.1' and port '3121'.
03:28:57 INFO  : Jtag cable 'Avnet MiniZed V1 1234-oj1A' is selected.
03:28:57 INFO  : 'jtag frequency' command is executed.
03:28:57 INFO  : Sourcing of '/home/deazon/final_project/final_project.sdk/final_project_grade_3_wrapper_hw_platform_0/ps7_init.tcl' is done.
03:28:57 INFO  : Context for 'APU' is selected.
03:28:57 INFO  : System reset is completed.
03:29:00 INFO  : 'after 3000' command is executed.
03:29:00 INFO  : 'targets -set -filter {jtag_cable_name =~ "Avnet MiniZed V1 1234-oj1A" && level==0} -index 1' command is executed.
03:29:01 INFO  : FPGA configured successfully with bitstream "/home/deazon/final_project/final_project.sdk/final_project_grade_3_wrapper_hw_platform_0/final_project_grade_3_wrapper.bit"
03:29:01 INFO  : Context for 'APU' is selected.
03:29:03 INFO  : Hardware design information is loaded from '/home/deazon/final_project/final_project.sdk/final_project_grade_3_wrapper_hw_platform_0/system.hdf'.
03:29:03 INFO  : 'configparams force-mem-access 1' command is executed.
03:29:03 INFO  : Context for 'APU' is selected.
03:29:03 INFO  : 'ps7_init' command is executed.
03:29:03 INFO  : 'ps7_post_config' command is executed.
03:29:03 INFO  : 'configparams force-mem-access 0' command is executed.
03:29:03 INFO  : ----------------XSDB Script----------------
connect -url tcp:127.0.0.1:3121
source /home/deazon/final_project/final_project.sdk/final_project_grade_3_wrapper_hw_platform_0/ps7_init.tcl
targets -set -nocase -filter {name =~"APU*" && jtag_cable_name =~ "Avnet MiniZed V1 1234-oj1A"} -index 0
rst -system
after 3000
targets -set -filter {jtag_cable_name =~ "Avnet MiniZed V1 1234-oj1A" && level==0} -index 1
fpga -file /home/deazon/final_project/final_project.sdk/final_project_grade_3_wrapper_hw_platform_0/final_project_grade_3_wrapper.bit
targets -set -nocase -filter {name =~"APU*" && jtag_cable_name =~ "Avnet MiniZed V1 1234-oj1A"} -index 0
loadhw -hw /home/deazon/final_project/final_project.sdk/final_project_grade_3_wrapper_hw_platform_0/system.hdf -mem-ranges [list {0x40000000 0xbfffffff}]
configparams force-mem-access 1
targets -set -nocase -filter {name =~"APU*" && jtag_cable_name =~ "Avnet MiniZed V1 1234-oj1A"} -index 0
ps7_init
ps7_post_config
configparams force-mem-access 0
----------------End of Script----------------

03:29:03 INFO  : Memory regions updated for context APU
03:29:03 INFO  : Launch script is exported to file '/home/deazon/final_project/final_project.sdk/.sdk/launch_scripts/xilinx_c-c++_application_(system_debugger)/nn_inference_grade3_debug.tcl'
03:31:04 INFO  : Disconnected from the channel tcfchan#20.
03:31:05 INFO  : Connected to target on host '127.0.0.1' and port '3121'.
03:31:05 INFO  : Jtag cable 'Avnet MiniZed V1 1234-oj1A' is selected.
03:31:05 INFO  : 'jtag frequency' command is executed.
03:31:05 INFO  : Sourcing of '/home/deazon/final_project/final_project.sdk/final_project_grade_3_wrapper_hw_platform_0/ps7_init.tcl' is done.
03:31:05 INFO  : Context for 'APU' is selected.
03:31:05 INFO  : System reset is completed.
03:31:08 INFO  : 'after 3000' command is executed.
03:31:08 INFO  : 'targets -set -filter {jtag_cable_name =~ "Avnet MiniZed V1 1234-oj1A" && level==0} -index 1' command is executed.
03:31:10 INFO  : FPGA configured successfully with bitstream "/home/deazon/final_project/final_project.sdk/final_project_grade_3_wrapper_hw_platform_0/final_project_grade_3_wrapper.bit"
03:31:10 INFO  : Context for 'APU' is selected.
03:31:11 INFO  : Hardware design information is loaded from '/home/deazon/final_project/final_project.sdk/final_project_grade_3_wrapper_hw_platform_0/system.hdf'.
03:31:11 INFO  : 'configparams force-mem-access 1' command is executed.
03:31:11 INFO  : Context for 'APU' is selected.
03:31:11 INFO  : 'ps7_init' command is executed.
03:31:11 INFO  : 'ps7_post_config' command is executed.
03:31:11 INFO  : 'configparams force-mem-access 0' command is executed.
03:31:11 INFO  : ----------------XSDB Script----------------
connect -url tcp:127.0.0.1:3121
source /home/deazon/final_project/final_project.sdk/final_project_grade_3_wrapper_hw_platform_0/ps7_init.tcl
targets -set -nocase -filter {name =~"APU*" && jtag_cable_name =~ "Avnet MiniZed V1 1234-oj1A"} -index 0
rst -system
after 3000
targets -set -filter {jtag_cable_name =~ "Avnet MiniZed V1 1234-oj1A" && level==0} -index 1
fpga -file /home/deazon/final_project/final_project.sdk/final_project_grade_3_wrapper_hw_platform_0/final_project_grade_3_wrapper.bit
targets -set -nocase -filter {name =~"APU*" && jtag_cable_name =~ "Avnet MiniZed V1 1234-oj1A"} -index 0
loadhw -hw /home/deazon/final_project/final_project.sdk/final_project_grade_3_wrapper_hw_platform_0/system.hdf -mem-ranges [list {0x40000000 0xbfffffff}]
configparams force-mem-access 1
targets -set -nocase -filter {name =~"APU*" && jtag_cable_name =~ "Avnet MiniZed V1 1234-oj1A"} -index 0
ps7_init
ps7_post_config
configparams force-mem-access 0
----------------End of Script----------------

03:31:11 INFO  : Memory regions updated for context APU
03:31:11 INFO  : Launch script is exported to file '/home/deazon/final_project/final_project.sdk/.sdk/launch_scripts/xilinx_c-c++_application_(system_debugger)/nn_inference_grade3_debug.tcl'
03:31:48 INFO  : Disconnected from the channel tcfchan#21.
03:31:59 INFO  : Launching XSCT server: xsct -n -interactive /home/deazon/final_project/final_project.sdk/temp_xsdb_launch_script.tcl
03:32:01 INFO  : XSCT server has started successfully.
03:32:01 INFO  : Successfully done setting XSCT server connection channel  
03:32:03 INFO  : Successfully done setting SDK workspace  
03:32:04 INFO  : Registering command handlers for SDK TCF services
03:32:05 INFO  : Processing command line option -hwspec /home/deazon/final_project/final_project.sdk/final_project_grade_3_wrapper.hdf.
03:32:05 INFO  : Checking for hwspec changes in the project final_project_grade_3_wrapper_hw_platform_0.
03:32:27 INFO  : Connected to target on host '127.0.0.1' and port '3121'.
03:32:27 INFO  : Jtag cable 'Avnet MiniZed V1 1234-oj1A' is selected.
03:32:27 INFO  : 'jtag frequency' command is executed.
03:32:27 INFO  : Sourcing of '/home/deazon/final_project/final_project.sdk/final_project_grade_3_wrapper_hw_platform_0/ps7_init.tcl' is done.
03:32:27 INFO  : Context for 'APU' is selected.
03:32:27 INFO  : System reset is completed.
03:32:30 INFO  : 'after 3000' command is executed.
03:32:30 INFO  : 'targets -set -filter {jtag_cable_name =~ "Avnet MiniZed V1 1234-oj1A" && level==0} -index 1' command is executed.
03:32:32 INFO  : FPGA configured successfully with bitstream "/home/deazon/final_project/final_project.sdk/final_project_grade_3_wrapper_hw_platform_0/final_project_grade_3_wrapper.bit"
03:32:32 INFO  : Context for 'APU' is selected.
03:32:32 INFO  : Hardware design information is loaded from '/home/deazon/final_project/final_project.sdk/final_project_grade_3_wrapper_hw_platform_0/system.hdf'.
03:32:32 INFO  : 'configparams force-mem-access 1' command is executed.
03:32:32 INFO  : Context for 'APU' is selected.
03:32:32 INFO  : 'ps7_init' command is executed.
03:32:32 INFO  : 'ps7_post_config' command is executed.
03:32:32 INFO  : 'configparams force-mem-access 0' command is executed.
03:32:32 INFO  : ----------------XSDB Script----------------
connect -url tcp:127.0.0.1:3121
source /home/deazon/final_project/final_project.sdk/final_project_grade_3_wrapper_hw_platform_0/ps7_init.tcl
targets -set -nocase -filter {name =~"APU*" && jtag_cable_name =~ "Avnet MiniZed V1 1234-oj1A"} -index 0
rst -system
after 3000
targets -set -filter {jtag_cable_name =~ "Avnet MiniZed V1 1234-oj1A" && level==0} -index 1
fpga -file /home/deazon/final_project/final_project.sdk/final_project_grade_3_wrapper_hw_platform_0/final_project_grade_3_wrapper.bit
targets -set -nocase -filter {name =~"APU*" && jtag_cable_name =~ "Avnet MiniZed V1 1234-oj1A"} -index 0
loadhw -hw /home/deazon/final_project/final_project.sdk/final_project_grade_3_wrapper_hw_platform_0/system.hdf -mem-ranges [list {0x40000000 0xbfffffff}]
configparams force-mem-access 1
targets -set -nocase -filter {name =~"APU*" && jtag_cable_name =~ "Avnet MiniZed V1 1234-oj1A"} -index 0
ps7_init
ps7_post_config
configparams force-mem-access 0
----------------End of Script----------------

03:32:32 INFO  : Memory regions updated for context APU
03:32:32 INFO  : Launch script is exported to file '/home/deazon/final_project/final_project.sdk/.sdk/launch_scripts/xilinx_c-c++_application_(system_debugger)/nn_inference_grade3_debug.tcl'
03:34:31 INFO  : Disconnected from the channel tcfchan#1.
03:35:02 INFO  : Connected to target on host '127.0.0.1' and port '3121'.
03:35:03 INFO  : Jtag cable 'Avnet MiniZed V1 1234-oj1A' is selected.
03:35:03 INFO  : 'jtag frequency' command is executed.
03:35:03 INFO  : Sourcing of '/home/deazon/final_project/final_project.sdk/final_project_grade_3_wrapper_hw_platform_0/ps7_init.tcl' is done.
03:35:03 INFO  : Context for 'APU' is selected.
03:35:03 INFO  : System reset is completed.
03:35:06 INFO  : 'after 3000' command is executed.
03:35:06 INFO  : 'targets -set -filter {jtag_cable_name =~ "Avnet MiniZed V1 1234-oj1A" && level==0} -index 1' command is executed.
03:35:07 INFO  : FPGA configured successfully with bitstream "/home/deazon/final_project/final_project.sdk/final_project_grade_3_wrapper_hw_platform_0/final_project_grade_3_wrapper.bit"
03:35:07 INFO  : Context for 'APU' is selected.
03:35:07 INFO  : Hardware design information is loaded from '/home/deazon/final_project/final_project.sdk/final_project_grade_3_wrapper_hw_platform_0/system.hdf'.
03:35:07 INFO  : 'configparams force-mem-access 1' command is executed.
03:35:07 INFO  : Context for 'APU' is selected.
03:35:07 INFO  : 'ps7_init' command is executed.
03:35:07 INFO  : 'ps7_post_config' command is executed.
03:35:07 INFO  : 'configparams force-mem-access 0' command is executed.
03:35:07 INFO  : ----------------XSDB Script----------------
connect -url tcp:127.0.0.1:3121
source /home/deazon/final_project/final_project.sdk/final_project_grade_3_wrapper_hw_platform_0/ps7_init.tcl
targets -set -nocase -filter {name =~"APU*" && jtag_cable_name =~ "Avnet MiniZed V1 1234-oj1A"} -index 0
rst -system
after 3000
targets -set -filter {jtag_cable_name =~ "Avnet MiniZed V1 1234-oj1A" && level==0} -index 1
fpga -file /home/deazon/final_project/final_project.sdk/final_project_grade_3_wrapper_hw_platform_0/final_project_grade_3_wrapper.bit
targets -set -nocase -filter {name =~"APU*" && jtag_cable_name =~ "Avnet MiniZed V1 1234-oj1A"} -index 0
loadhw -hw /home/deazon/final_project/final_project.sdk/final_project_grade_3_wrapper_hw_platform_0/system.hdf -mem-ranges [list {0x40000000 0xbfffffff}]
configparams force-mem-access 1
targets -set -nocase -filter {name =~"APU*" && jtag_cable_name =~ "Avnet MiniZed V1 1234-oj1A"} -index 0
ps7_init
ps7_post_config
configparams force-mem-access 0
----------------End of Script----------------

03:35:07 INFO  : Memory regions updated for context APU
03:35:07 INFO  : Launch script is exported to file '/home/deazon/final_project/final_project.sdk/.sdk/launch_scripts/xilinx_c-c++_application_(system_debugger)/nn_inference_grade3_debug.tcl'
03:36:24 INFO  : Disconnected from the channel tcfchan#2.
03:36:48 INFO  : Connected to target on host '127.0.0.1' and port '3121'.
03:36:49 INFO  : 'targets -set -filter {jtag_cable_name =~ "Avnet MiniZed V1 1234-oj1A" && level==0} -index 1' command is executed.
03:36:50 INFO  : FPGA configured successfully with bitstream "/home/deazon/final_project/final_project.sdk/final_project_grade_3_wrapper_hw_platform_0/final_project_grade_3_wrapper.bit"
03:37:16 INFO  : Connected to target on host '127.0.0.1' and port '3121'.
03:37:17 INFO  : Jtag cable 'Avnet MiniZed V1 1234-oj1A' is selected.
03:37:17 INFO  : 'jtag frequency' command is executed.
03:37:17 INFO  : Sourcing of '/home/deazon/final_project/final_project.sdk/final_project_grade_3_wrapper_hw_platform_0/ps7_init.tcl' is done.
03:37:17 INFO  : Context for 'APU' is selected.
03:37:17 INFO  : System reset is completed.
03:37:20 INFO  : 'after 3000' command is executed.
03:37:20 INFO  : 'targets -set -filter {jtag_cable_name =~ "Avnet MiniZed V1 1234-oj1A" && level==0} -index 1' command is executed.
03:37:21 INFO  : FPGA configured successfully with bitstream "/home/deazon/final_project/final_project.sdk/final_project_grade_3_wrapper_hw_platform_0/final_project_grade_3_wrapper.bit"
03:37:21 INFO  : Context for 'APU' is selected.
03:37:21 INFO  : Hardware design information is loaded from '/home/deazon/final_project/final_project.sdk/final_project_grade_3_wrapper_hw_platform_0/system.hdf'.
03:37:21 INFO  : 'configparams force-mem-access 1' command is executed.
03:37:21 INFO  : Context for 'APU' is selected.
03:37:21 INFO  : 'ps7_init' command is executed.
03:37:21 INFO  : 'ps7_post_config' command is executed.
03:37:21 INFO  : 'configparams force-mem-access 0' command is executed.
03:37:21 INFO  : ----------------XSDB Script----------------
connect -url tcp:127.0.0.1:3121
source /home/deazon/final_project/final_project.sdk/final_project_grade_3_wrapper_hw_platform_0/ps7_init.tcl
targets -set -nocase -filter {name =~"APU*" && jtag_cable_name =~ "Avnet MiniZed V1 1234-oj1A"} -index 0
rst -system
after 3000
targets -set -filter {jtag_cable_name =~ "Avnet MiniZed V1 1234-oj1A" && level==0} -index 1
fpga -file /home/deazon/final_project/final_project.sdk/final_project_grade_3_wrapper_hw_platform_0/final_project_grade_3_wrapper.bit
targets -set -nocase -filter {name =~"APU*" && jtag_cable_name =~ "Avnet MiniZed V1 1234-oj1A"} -index 0
loadhw -hw /home/deazon/final_project/final_project.sdk/final_project_grade_3_wrapper_hw_platform_0/system.hdf -mem-ranges [list {0x40000000 0xbfffffff}]
configparams force-mem-access 1
targets -set -nocase -filter {name =~"APU*" && jtag_cable_name =~ "Avnet MiniZed V1 1234-oj1A"} -index 0
ps7_init
ps7_post_config
configparams force-mem-access 0
----------------End of Script----------------

03:37:21 INFO  : Memory regions updated for context APU
03:37:21 INFO  : Launch script is exported to file '/home/deazon/final_project/final_project.sdk/.sdk/launch_scripts/xilinx_c-c++_application_(system_debugger)/nn_inference_grade3_debug.tcl'
03:37:54 INFO  : Disconnected from the channel tcfchan#3.
03:37:55 INFO  : Connected to target on host '127.0.0.1' and port '3121'.
03:37:55 INFO  : Jtag cable 'Avnet MiniZed V1 1234-oj1A' is selected.
03:37:55 INFO  : 'jtag frequency' command is executed.
03:37:55 INFO  : Sourcing of '/home/deazon/final_project/final_project.sdk/final_project_grade_3_wrapper_hw_platform_0/ps7_init.tcl' is done.
03:37:55 INFO  : Context for 'APU' is selected.
03:37:56 INFO  : System reset is completed.
03:37:59 INFO  : 'after 3000' command is executed.
03:37:59 INFO  : 'targets -set -filter {jtag_cable_name =~ "Avnet MiniZed V1 1234-oj1A" && level==0} -index 1' command is executed.
03:38:00 INFO  : FPGA configured successfully with bitstream "/home/deazon/final_project/final_project.sdk/final_project_grade_3_wrapper_hw_platform_0/final_project_grade_3_wrapper.bit"
03:38:00 INFO  : Context for 'APU' is selected.
03:38:01 INFO  : Hardware design information is loaded from '/home/deazon/final_project/final_project.sdk/final_project_grade_3_wrapper_hw_platform_0/system.hdf'.
03:38:01 INFO  : 'configparams force-mem-access 1' command is executed.
03:38:01 INFO  : Context for 'APU' is selected.
03:38:01 INFO  : 'ps7_init' command is executed.
03:38:01 INFO  : 'ps7_post_config' command is executed.
03:38:01 INFO  : 'configparams force-mem-access 0' command is executed.
03:38:01 INFO  : ----------------XSDB Script----------------
connect -url tcp:127.0.0.1:3121
source /home/deazon/final_project/final_project.sdk/final_project_grade_3_wrapper_hw_platform_0/ps7_init.tcl
targets -set -nocase -filter {name =~"APU*" && jtag_cable_name =~ "Avnet MiniZed V1 1234-oj1A"} -index 0
rst -system
after 3000
targets -set -filter {jtag_cable_name =~ "Avnet MiniZed V1 1234-oj1A" && level==0} -index 1
fpga -file /home/deazon/final_project/final_project.sdk/final_project_grade_3_wrapper_hw_platform_0/final_project_grade_3_wrapper.bit
targets -set -nocase -filter {name =~"APU*" && jtag_cable_name =~ "Avnet MiniZed V1 1234-oj1A"} -index 0
loadhw -hw /home/deazon/final_project/final_project.sdk/final_project_grade_3_wrapper_hw_platform_0/system.hdf -mem-ranges [list {0x40000000 0xbfffffff}]
configparams force-mem-access 1
targets -set -nocase -filter {name =~"APU*" && jtag_cable_name =~ "Avnet MiniZed V1 1234-oj1A"} -index 0
ps7_init
ps7_post_config
configparams force-mem-access 0
----------------End of Script----------------

03:38:01 INFO  : Memory regions updated for context APU
03:38:01 INFO  : Launch script is exported to file '/home/deazon/final_project/final_project.sdk/.sdk/launch_scripts/xilinx_c-c++_application_(system_debugger)/nn_inference_grade3_debug.tcl'
03:43:50 INFO  : Disconnected from the channel tcfchan#4.
03:43:51 INFO  : Connected to target on host '127.0.0.1' and port '3121'.
03:43:51 INFO  : Jtag cable 'Avnet MiniZed V1 1234-oj1A' is selected.
03:43:51 INFO  : 'jtag frequency' command is executed.
03:43:51 INFO  : Sourcing of '/home/deazon/final_project/final_project.sdk/final_project_grade_3_wrapper_hw_platform_0/ps7_init.tcl' is done.
03:43:51 INFO  : Context for 'APU' is selected.
03:43:51 INFO  : System reset is completed.
03:43:54 INFO  : 'after 3000' command is executed.
03:43:54 INFO  : 'targets -set -filter {jtag_cable_name =~ "Avnet MiniZed V1 1234-oj1A" && level==0} -index 1' command is executed.
03:43:56 INFO  : FPGA configured successfully with bitstream "/home/deazon/final_project/final_project.sdk/final_project_grade_3_wrapper_hw_platform_0/final_project_grade_3_wrapper.bit"
03:43:56 INFO  : Context for 'APU' is selected.
03:43:57 INFO  : Hardware design information is loaded from '/home/deazon/final_project/final_project.sdk/final_project_grade_3_wrapper_hw_platform_0/system.hdf'.
03:43:57 INFO  : 'configparams force-mem-access 1' command is executed.
03:43:57 INFO  : Context for 'APU' is selected.
03:43:57 INFO  : 'ps7_init' command is executed.
03:43:57 INFO  : 'ps7_post_config' command is executed.
03:43:57 INFO  : 'configparams force-mem-access 0' command is executed.
03:43:57 INFO  : ----------------XSDB Script----------------
connect -url tcp:127.0.0.1:3121
source /home/deazon/final_project/final_project.sdk/final_project_grade_3_wrapper_hw_platform_0/ps7_init.tcl
targets -set -nocase -filter {name =~"APU*" && jtag_cable_name =~ "Avnet MiniZed V1 1234-oj1A"} -index 0
rst -system
after 3000
targets -set -filter {jtag_cable_name =~ "Avnet MiniZed V1 1234-oj1A" && level==0} -index 1
fpga -file /home/deazon/final_project/final_project.sdk/final_project_grade_3_wrapper_hw_platform_0/final_project_grade_3_wrapper.bit
targets -set -nocase -filter {name =~"APU*" && jtag_cable_name =~ "Avnet MiniZed V1 1234-oj1A"} -index 0
loadhw -hw /home/deazon/final_project/final_project.sdk/final_project_grade_3_wrapper_hw_platform_0/system.hdf -mem-ranges [list {0x40000000 0xbfffffff}]
configparams force-mem-access 1
targets -set -nocase -filter {name =~"APU*" && jtag_cable_name =~ "Avnet MiniZed V1 1234-oj1A"} -index 0
ps7_init
ps7_post_config
configparams force-mem-access 0
----------------End of Script----------------

03:43:57 INFO  : Memory regions updated for context APU
03:43:57 INFO  : Launch script is exported to file '/home/deazon/final_project/final_project.sdk/.sdk/launch_scripts/xilinx_c-c++_application_(system_debugger)/nn_inference_grade3_debug.tcl'
03:44:24 INFO  : Disconnected from the channel tcfchan#5.
03:51:29 INFO  : Connected to target on host '127.0.0.1' and port '3121'.
03:51:29 INFO  : Jtag cable 'Avnet MiniZed V1 1234-oj1A' is selected.
03:51:29 INFO  : 'jtag frequency' command is executed.
03:51:29 INFO  : Sourcing of '/home/deazon/final_project/final_project.sdk/final_project_grade_3_wrapper_hw_platform_0/ps7_init.tcl' is done.
03:51:29 INFO  : Context for 'APU' is selected.
03:51:29 INFO  : System reset is completed.
03:51:32 INFO  : 'after 3000' command is executed.
03:51:32 INFO  : 'targets -set -filter {jtag_cable_name =~ "Avnet MiniZed V1 1234-oj1A" && level==0} -index 1' command is executed.
03:51:34 INFO  : FPGA configured successfully with bitstream "/home/deazon/final_project/final_project.sdk/final_project_grade_3_wrapper_hw_platform_0/final_project_grade_3_wrapper.bit"
03:51:34 INFO  : Context for 'APU' is selected.
03:51:34 INFO  : Hardware design information is loaded from '/home/deazon/final_project/final_project.sdk/final_project_grade_3_wrapper_hw_platform_0/system.hdf'.
03:51:34 INFO  : 'configparams force-mem-access 1' command is executed.
03:51:34 INFO  : Context for 'APU' is selected.
03:51:34 INFO  : 'ps7_init' command is executed.
03:51:34 INFO  : 'ps7_post_config' command is executed.
03:51:34 INFO  : 'configparams force-mem-access 0' command is executed.
03:51:34 INFO  : ----------------XSDB Script----------------
connect -url tcp:127.0.0.1:3121
source /home/deazon/final_project/final_project.sdk/final_project_grade_3_wrapper_hw_platform_0/ps7_init.tcl
targets -set -nocase -filter {name =~"APU*" && jtag_cable_name =~ "Avnet MiniZed V1 1234-oj1A"} -index 0
rst -system
after 3000
targets -set -filter {jtag_cable_name =~ "Avnet MiniZed V1 1234-oj1A" && level==0} -index 1
fpga -file /home/deazon/final_project/final_project.sdk/final_project_grade_3_wrapper_hw_platform_0/final_project_grade_3_wrapper.bit
targets -set -nocase -filter {name =~"APU*" && jtag_cable_name =~ "Avnet MiniZed V1 1234-oj1A"} -index 0
loadhw -hw /home/deazon/final_project/final_project.sdk/final_project_grade_3_wrapper_hw_platform_0/system.hdf -mem-ranges [list {0x40000000 0xbfffffff}]
configparams force-mem-access 1
targets -set -nocase -filter {name =~"APU*" && jtag_cable_name =~ "Avnet MiniZed V1 1234-oj1A"} -index 0
ps7_init
ps7_post_config
configparams force-mem-access 0
----------------End of Script----------------

03:51:34 INFO  : Memory regions updated for context APU
03:51:34 INFO  : Launch script is exported to file '/home/deazon/final_project/final_project.sdk/.sdk/launch_scripts/xilinx_c-c++_application_(system_debugger)/nn_inference_grade3_debug.tcl'
03:51:48 INFO  : Connected to target on host '127.0.0.1' and port '3121'.
03:51:48 INFO  : 'targets -set -filter {jtag_cable_name =~ "Avnet MiniZed V1 1234-oj1A" && level==0} -index 1' command is executed.
03:51:49 INFO  : FPGA configured successfully with bitstream "/home/deazon/final_project/final_project.sdk/final_project_grade_3_wrapper_hw_platform_0/final_project_grade_3_wrapper.bit"
03:51:55 INFO  : Disconnected from the channel tcfchan#6.
03:51:56 INFO  : Connected to target on host '127.0.0.1' and port '3121'.
03:51:56 INFO  : Jtag cable 'Avnet MiniZed V1 1234-oj1A' is selected.
03:51:56 INFO  : 'jtag frequency' command is executed.
03:51:56 INFO  : Sourcing of '/home/deazon/final_project/final_project.sdk/final_project_grade_3_wrapper_hw_platform_0/ps7_init.tcl' is done.
03:51:56 INFO  : Context for 'APU' is selected.
03:51:56 INFO  : System reset is completed.
03:51:59 INFO  : 'after 3000' command is executed.
03:51:59 INFO  : 'targets -set -filter {jtag_cable_name =~ "Avnet MiniZed V1 1234-oj1A" && level==0} -index 1' command is executed.
03:52:00 INFO  : FPGA configured successfully with bitstream "/home/deazon/final_project/final_project.sdk/final_project_grade_3_wrapper_hw_platform_0/final_project_grade_3_wrapper.bit"
03:52:00 INFO  : Context for 'APU' is selected.
03:52:01 INFO  : Hardware design information is loaded from '/home/deazon/final_project/final_project.sdk/final_project_grade_3_wrapper_hw_platform_0/system.hdf'.
03:52:01 INFO  : 'configparams force-mem-access 1' command is executed.
03:52:01 INFO  : Context for 'APU' is selected.
03:52:01 INFO  : 'ps7_init' command is executed.
03:52:01 INFO  : 'ps7_post_config' command is executed.
03:52:01 INFO  : 'configparams force-mem-access 0' command is executed.
03:52:01 INFO  : ----------------XSDB Script----------------
connect -url tcp:127.0.0.1:3121
source /home/deazon/final_project/final_project.sdk/final_project_grade_3_wrapper_hw_platform_0/ps7_init.tcl
targets -set -nocase -filter {name =~"APU*" && jtag_cable_name =~ "Avnet MiniZed V1 1234-oj1A"} -index 0
rst -system
after 3000
targets -set -filter {jtag_cable_name =~ "Avnet MiniZed V1 1234-oj1A" && level==0} -index 1
fpga -file /home/deazon/final_project/final_project.sdk/final_project_grade_3_wrapper_hw_platform_0/final_project_grade_3_wrapper.bit
targets -set -nocase -filter {name =~"APU*" && jtag_cable_name =~ "Avnet MiniZed V1 1234-oj1A"} -index 0
loadhw -hw /home/deazon/final_project/final_project.sdk/final_project_grade_3_wrapper_hw_platform_0/system.hdf -mem-ranges [list {0x40000000 0xbfffffff}]
configparams force-mem-access 1
targets -set -nocase -filter {name =~"APU*" && jtag_cable_name =~ "Avnet MiniZed V1 1234-oj1A"} -index 0
ps7_init
ps7_post_config
configparams force-mem-access 0
----------------End of Script----------------

03:52:01 INFO  : Memory regions updated for context APU
03:52:01 INFO  : Launch script is exported to file '/home/deazon/final_project/final_project.sdk/.sdk/launch_scripts/xilinx_c-c++_application_(system_debugger)/nn_inference_grade3_debug.tcl'
03:53:25 INFO  : Connected to target on host '127.0.0.1' and port '3121'.
03:53:25 INFO  : 'targets -set -filter {jtag_cable_name =~ "Avnet MiniZed V1 1234-oj1A" && level==0} -index 1' command is executed.
03:53:27 INFO  : FPGA configured successfully with bitstream "/home/deazon/final_project/final_project.sdk/final_project_grade_3_wrapper_hw_platform_0/final_project_grade_3_wrapper.bit"
03:53:43 INFO  : Disconnected from the channel tcfchan#7.
03:53:44 INFO  : Connected to target on host '127.0.0.1' and port '3121'.
03:53:44 INFO  : Jtag cable 'Avnet MiniZed V1 1234-oj1A' is selected.
03:53:44 INFO  : 'jtag frequency' command is executed.
03:53:44 INFO  : Sourcing of '/home/deazon/final_project/final_project.sdk/final_project_grade_3_wrapper_hw_platform_0/ps7_init.tcl' is done.
03:53:44 INFO  : Context for 'APU' is selected.
03:53:44 INFO  : System reset is completed.
03:53:47 INFO  : 'after 3000' command is executed.
03:53:47 INFO  : 'targets -set -filter {jtag_cable_name =~ "Avnet MiniZed V1 1234-oj1A" && level==0} -index 1' command is executed.
03:53:49 INFO  : FPGA configured successfully with bitstream "/home/deazon/final_project/final_project.sdk/final_project_grade_3_wrapper_hw_platform_0/final_project_grade_3_wrapper.bit"
03:53:49 INFO  : Context for 'APU' is selected.
03:53:50 INFO  : Hardware design information is loaded from '/home/deazon/final_project/final_project.sdk/final_project_grade_3_wrapper_hw_platform_0/system.hdf'.
03:53:50 INFO  : 'configparams force-mem-access 1' command is executed.
03:53:50 INFO  : Context for 'APU' is selected.
03:53:50 INFO  : 'ps7_init' command is executed.
03:53:50 INFO  : 'ps7_post_config' command is executed.
03:53:50 INFO  : 'configparams force-mem-access 0' command is executed.
03:53:50 INFO  : ----------------XSDB Script----------------
connect -url tcp:127.0.0.1:3121
source /home/deazon/final_project/final_project.sdk/final_project_grade_3_wrapper_hw_platform_0/ps7_init.tcl
targets -set -nocase -filter {name =~"APU*" && jtag_cable_name =~ "Avnet MiniZed V1 1234-oj1A"} -index 0
rst -system
after 3000
targets -set -filter {jtag_cable_name =~ "Avnet MiniZed V1 1234-oj1A" && level==0} -index 1
fpga -file /home/deazon/final_project/final_project.sdk/final_project_grade_3_wrapper_hw_platform_0/final_project_grade_3_wrapper.bit
targets -set -nocase -filter {name =~"APU*" && jtag_cable_name =~ "Avnet MiniZed V1 1234-oj1A"} -index 0
loadhw -hw /home/deazon/final_project/final_project.sdk/final_project_grade_3_wrapper_hw_platform_0/system.hdf -mem-ranges [list {0x40000000 0xbfffffff}]
configparams force-mem-access 1
targets -set -nocase -filter {name =~"APU*" && jtag_cable_name =~ "Avnet MiniZed V1 1234-oj1A"} -index 0
ps7_init
ps7_post_config
configparams force-mem-access 0
----------------End of Script----------------

03:53:50 INFO  : Memory regions updated for context APU
03:53:50 INFO  : Launch script is exported to file '/home/deazon/final_project/final_project.sdk/.sdk/launch_scripts/xilinx_c-c++_application_(system_debugger)/nn_inference_grade3_debug.tcl'
03:55:20 INFO  : Connected to target on host '127.0.0.1' and port '3121'.
03:55:20 INFO  : 'targets -set -filter {jtag_cable_name =~ "Avnet MiniZed V1 1234-oj1A" && level==0} -index 1' command is executed.
03:55:21 INFO  : FPGA configured successfully with bitstream "/home/deazon/final_project/final_project.sdk/final_project_grade_3_wrapper_hw_platform_0/final_project_grade_3_wrapper.bit"
03:55:34 INFO  : Connected to target on host '127.0.0.1' and port '3121'.
03:55:34 INFO  : 'targets -set -filter {jtag_cable_name =~ "Avnet MiniZed V1 1234-oj1A" && level==0} -index 1' command is executed.
03:55:36 INFO  : FPGA configured successfully with bitstream "/home/deazon/final_project/final_project.sdk/final_project_grade_3_wrapper_hw_platform_0/final_project_grade_3_wrapper.bit"
03:55:59 INFO  : Disconnected from the channel tcfchan#8.
03:56:00 INFO  : Connected to target on host '127.0.0.1' and port '3121'.
03:56:00 INFO  : Jtag cable 'Avnet MiniZed V1 1234-oj1A' is selected.
03:56:00 INFO  : 'jtag frequency' command is executed.
03:56:00 INFO  : Sourcing of '/home/deazon/final_project/final_project.sdk/final_project_grade_3_wrapper_hw_platform_0/ps7_init.tcl' is done.
03:56:00 INFO  : Context for 'APU' is selected.
03:56:00 INFO  : System reset is completed.
03:56:03 INFO  : 'after 3000' command is executed.
03:56:03 INFO  : 'targets -set -filter {jtag_cable_name =~ "Avnet MiniZed V1 1234-oj1A" && level==0} -index 1' command is executed.
03:56:04 INFO  : FPGA configured successfully with bitstream "/home/deazon/final_project/final_project.sdk/final_project_grade_3_wrapper_hw_platform_0/final_project_grade_3_wrapper.bit"
03:56:04 INFO  : Context for 'APU' is selected.
03:56:05 INFO  : Hardware design information is loaded from '/home/deazon/final_project/final_project.sdk/final_project_grade_3_wrapper_hw_platform_0/system.hdf'.
03:56:05 INFO  : 'configparams force-mem-access 1' command is executed.
03:56:05 INFO  : Context for 'APU' is selected.
03:56:05 INFO  : 'ps7_init' command is executed.
03:56:05 INFO  : 'ps7_post_config' command is executed.
03:56:05 INFO  : 'configparams force-mem-access 0' command is executed.
03:56:05 INFO  : ----------------XSDB Script----------------
connect -url tcp:127.0.0.1:3121
source /home/deazon/final_project/final_project.sdk/final_project_grade_3_wrapper_hw_platform_0/ps7_init.tcl
targets -set -nocase -filter {name =~"APU*" && jtag_cable_name =~ "Avnet MiniZed V1 1234-oj1A"} -index 0
rst -system
after 3000
targets -set -filter {jtag_cable_name =~ "Avnet MiniZed V1 1234-oj1A" && level==0} -index 1
fpga -file /home/deazon/final_project/final_project.sdk/final_project_grade_3_wrapper_hw_platform_0/final_project_grade_3_wrapper.bit
targets -set -nocase -filter {name =~"APU*" && jtag_cable_name =~ "Avnet MiniZed V1 1234-oj1A"} -index 0
loadhw -hw /home/deazon/final_project/final_project.sdk/final_project_grade_3_wrapper_hw_platform_0/system.hdf -mem-ranges [list {0x40000000 0xbfffffff}]
configparams force-mem-access 1
targets -set -nocase -filter {name =~"APU*" && jtag_cable_name =~ "Avnet MiniZed V1 1234-oj1A"} -index 0
ps7_init
ps7_post_config
configparams force-mem-access 0
----------------End of Script----------------

03:56:05 INFO  : Memory regions updated for context APU
03:56:05 INFO  : Launch script is exported to file '/home/deazon/final_project/final_project.sdk/.sdk/launch_scripts/xilinx_c-c++_application_(system_debugger)/nn_inference_grade3_debug.tcl'
03:57:51 INFO  : Disconnected from the channel tcfchan#9.
03:57:52 INFO  : Connected to target on host '127.0.0.1' and port '3121'.
03:57:52 INFO  : Jtag cable 'Avnet MiniZed V1 1234-oj1A' is selected.
03:57:52 INFO  : 'jtag frequency' command is executed.
03:57:52 INFO  : Sourcing of '/home/deazon/final_project/final_project.sdk/final_project_grade_3_wrapper_hw_platform_0/ps7_init.tcl' is done.
03:57:52 INFO  : Context for 'APU' is selected.
03:57:52 INFO  : System reset is completed.
03:57:55 INFO  : 'after 3000' command is executed.
03:57:55 INFO  : 'targets -set -filter {jtag_cable_name =~ "Avnet MiniZed V1 1234-oj1A" && level==0} -index 1' command is executed.
03:57:57 INFO  : FPGA configured successfully with bitstream "/home/deazon/final_project/final_project.sdk/final_project_grade_3_wrapper_hw_platform_0/final_project_grade_3_wrapper.bit"
03:57:57 INFO  : Context for 'APU' is selected.
03:57:58 INFO  : Hardware design information is loaded from '/home/deazon/final_project/final_project.sdk/final_project_grade_3_wrapper_hw_platform_0/system.hdf'.
03:57:58 INFO  : 'configparams force-mem-access 1' command is executed.
03:57:58 INFO  : Context for 'APU' is selected.
03:57:58 INFO  : 'ps7_init' command is executed.
03:57:58 INFO  : 'ps7_post_config' command is executed.
03:57:58 INFO  : 'configparams force-mem-access 0' command is executed.
03:57:58 INFO  : ----------------XSDB Script----------------
connect -url tcp:127.0.0.1:3121
source /home/deazon/final_project/final_project.sdk/final_project_grade_3_wrapper_hw_platform_0/ps7_init.tcl
targets -set -nocase -filter {name =~"APU*" && jtag_cable_name =~ "Avnet MiniZed V1 1234-oj1A"} -index 0
rst -system
after 3000
targets -set -filter {jtag_cable_name =~ "Avnet MiniZed V1 1234-oj1A" && level==0} -index 1
fpga -file /home/deazon/final_project/final_project.sdk/final_project_grade_3_wrapper_hw_platform_0/final_project_grade_3_wrapper.bit
targets -set -nocase -filter {name =~"APU*" && jtag_cable_name =~ "Avnet MiniZed V1 1234-oj1A"} -index 0
loadhw -hw /home/deazon/final_project/final_project.sdk/final_project_grade_3_wrapper_hw_platform_0/system.hdf -mem-ranges [list {0x40000000 0xbfffffff}]
configparams force-mem-access 1
targets -set -nocase -filter {name =~"APU*" && jtag_cable_name =~ "Avnet MiniZed V1 1234-oj1A"} -index 0
ps7_init
ps7_post_config
configparams force-mem-access 0
----------------End of Script----------------

03:57:58 INFO  : Memory regions updated for context APU
03:57:58 INFO  : Launch script is exported to file '/home/deazon/final_project/final_project.sdk/.sdk/launch_scripts/xilinx_c-c++_application_(system_debugger)/nn_inference_grade3_debug.tcl'
04:08:06 INFO  : Refreshed build settings on project nn_inference_grade3
04:08:18 INFO  : Connected to target on host '127.0.0.1' and port '3121'.
04:08:18 INFO  : 'targets -set -filter {jtag_cable_name =~ "Avnet MiniZed V1 1234-oj1A" && level==0} -index 1' command is executed.
04:08:19 INFO  : FPGA configured successfully with bitstream "/home/deazon/final_project/final_project.sdk/final_project_grade_3_wrapper_hw_platform_0/final_project_grade_3_wrapper.bit"
04:08:45 INFO  : Disconnected from the channel tcfchan#10.
04:08:46 INFO  : Connected to target on host '127.0.0.1' and port '3121'.
04:08:46 INFO  : Jtag cable 'Avnet MiniZed V1 1234-oj1A' is selected.
04:08:46 INFO  : 'jtag frequency' command is executed.
04:08:46 INFO  : Sourcing of '/home/deazon/final_project/final_project.sdk/final_project_grade_3_wrapper_hw_platform_0/ps7_init.tcl' is done.
04:08:46 INFO  : Context for 'APU' is selected.
04:08:46 INFO  : System reset is completed.
04:08:49 INFO  : 'after 3000' command is executed.
04:08:49 INFO  : 'targets -set -filter {jtag_cable_name =~ "Avnet MiniZed V1 1234-oj1A" && level==0} -index 1' command is executed.
04:08:50 INFO  : FPGA configured successfully with bitstream "/home/deazon/final_project/final_project.sdk/final_project_grade_3_wrapper_hw_platform_0/final_project_grade_3_wrapper.bit"
04:08:50 INFO  : Context for 'APU' is selected.
04:08:51 INFO  : Hardware design information is loaded from '/home/deazon/final_project/final_project.sdk/final_project_grade_3_wrapper_hw_platform_0/system.hdf'.
04:08:51 INFO  : 'configparams force-mem-access 1' command is executed.
04:08:51 INFO  : Context for 'APU' is selected.
04:08:51 INFO  : 'ps7_init' command is executed.
04:08:51 INFO  : 'ps7_post_config' command is executed.
04:08:51 INFO  : 'configparams force-mem-access 0' command is executed.
04:08:51 INFO  : ----------------XSDB Script----------------
connect -url tcp:127.0.0.1:3121
source /home/deazon/final_project/final_project.sdk/final_project_grade_3_wrapper_hw_platform_0/ps7_init.tcl
targets -set -nocase -filter {name =~"APU*" && jtag_cable_name =~ "Avnet MiniZed V1 1234-oj1A"} -index 0
rst -system
after 3000
targets -set -filter {jtag_cable_name =~ "Avnet MiniZed V1 1234-oj1A" && level==0} -index 1
fpga -file /home/deazon/final_project/final_project.sdk/final_project_grade_3_wrapper_hw_platform_0/final_project_grade_3_wrapper.bit
targets -set -nocase -filter {name =~"APU*" && jtag_cable_name =~ "Avnet MiniZed V1 1234-oj1A"} -index 0
loadhw -hw /home/deazon/final_project/final_project.sdk/final_project_grade_3_wrapper_hw_platform_0/system.hdf -mem-ranges [list {0x40000000 0xbfffffff}]
configparams force-mem-access 1
targets -set -nocase -filter {name =~"APU*" && jtag_cable_name =~ "Avnet MiniZed V1 1234-oj1A"} -index 0
ps7_init
ps7_post_config
configparams force-mem-access 0
----------------End of Script----------------

04:08:51 INFO  : Memory regions updated for context APU
04:08:51 INFO  : Launch script is exported to file '/home/deazon/final_project/final_project.sdk/.sdk/launch_scripts/xilinx_c-c++_application_(system_debugger)/nn_inference_grade3_debug.tcl'
04:09:24 INFO  : Connected to target on host '127.0.0.1' and port '3121'.
04:09:24 INFO  : 'targets -set -filter {jtag_cable_name =~ "Avnet MiniZed V1 1234-oj1A" && level==0} -index 1' command is executed.
04:09:25 INFO  : FPGA configured successfully with bitstream "/home/deazon/final_project/final_project.sdk/final_project_grade_3_wrapper_hw_platform_0/final_project_grade_3_wrapper.bit"
04:09:54 INFO  : Disconnected from the channel tcfchan#11.
04:09:55 INFO  : Connected to target on host '127.0.0.1' and port '3121'.
04:09:55 INFO  : Jtag cable 'Avnet MiniZed V1 1234-oj1A' is selected.
04:09:55 INFO  : 'jtag frequency' command is executed.
04:09:55 INFO  : Sourcing of '/home/deazon/final_project/final_project.sdk/final_project_grade_3_wrapper_hw_platform_0/ps7_init.tcl' is done.
04:09:55 INFO  : Context for 'APU' is selected.
04:09:55 INFO  : System reset is completed.
04:09:58 INFO  : 'after 3000' command is executed.
04:09:58 INFO  : 'targets -set -filter {jtag_cable_name =~ "Avnet MiniZed V1 1234-oj1A" && level==0} -index 1' command is executed.
04:09:59 INFO  : FPGA configured successfully with bitstream "/home/deazon/final_project/final_project.sdk/final_project_grade_3_wrapper_hw_platform_0/final_project_grade_3_wrapper.bit"
04:09:59 INFO  : Context for 'APU' is selected.
04:10:00 INFO  : Hardware design information is loaded from '/home/deazon/final_project/final_project.sdk/final_project_grade_3_wrapper_hw_platform_0/system.hdf'.
04:10:00 INFO  : 'configparams force-mem-access 1' command is executed.
04:10:00 INFO  : Context for 'APU' is selected.
04:10:00 INFO  : 'ps7_init' command is executed.
04:10:00 INFO  : 'ps7_post_config' command is executed.
04:10:00 INFO  : Context for processor 'ps7_cortexa9_0' is selected.
04:10:01 INFO  : The application '/home/deazon/final_project/final_project.sdk/nn_inference_grade3/Debug/nn_inference_grade3.elf' is downloaded to processor 'ps7_cortexa9_0'.
04:10:01 INFO  : 'configparams force-mem-access 0' command is executed.
04:10:01 INFO  : ----------------XSDB Script----------------
connect -url tcp:127.0.0.1:3121
source /home/deazon/final_project/final_project.sdk/final_project_grade_3_wrapper_hw_platform_0/ps7_init.tcl
targets -set -nocase -filter {name =~"APU*" && jtag_cable_name =~ "Avnet MiniZed V1 1234-oj1A"} -index 0
rst -system
after 3000
targets -set -filter {jtag_cable_name =~ "Avnet MiniZed V1 1234-oj1A" && level==0} -index 1
fpga -file /home/deazon/final_project/final_project.sdk/final_project_grade_3_wrapper_hw_platform_0/final_project_grade_3_wrapper.bit
targets -set -nocase -filter {name =~"APU*" && jtag_cable_name =~ "Avnet MiniZed V1 1234-oj1A"} -index 0
loadhw -hw /home/deazon/final_project/final_project.sdk/final_project_grade_3_wrapper_hw_platform_0/system.hdf -mem-ranges [list {0x40000000 0xbfffffff}]
configparams force-mem-access 1
targets -set -nocase -filter {name =~"APU*" && jtag_cable_name =~ "Avnet MiniZed V1 1234-oj1A"} -index 0
ps7_init
ps7_post_config
targets -set -nocase -filter {name =~ "ARM*#0" && jtag_cable_name =~ "Avnet MiniZed V1 1234-oj1A"} -index 0
dow /home/deazon/final_project/final_project.sdk/nn_inference_grade3/Debug/nn_inference_grade3.elf
configparams force-mem-access 0
----------------End of Script----------------

04:10:01 INFO  : Memory regions updated for context APU
04:10:01 INFO  : Context for processor 'ps7_cortexa9_0' is selected.
04:10:01 INFO  : 'con' command is executed.
04:10:01 INFO  : ----------------XSDB Script (After Launch)----------------
targets -set -nocase -filter {name =~ "ARM*#0" && jtag_cable_name =~ "Avnet MiniZed V1 1234-oj1A"} -index 0
con
----------------End of Script----------------

04:10:01 INFO  : Launch script is exported to file '/home/deazon/final_project/final_project.sdk/.sdk/launch_scripts/xilinx_c-c++_application_(system_debugger)/nn_inference_grade3_debug.tcl'
04:11:12 INFO  : Disconnected from the channel tcfchan#12.
04:11:13 INFO  : Connected to target on host '127.0.0.1' and port '3121'.
04:11:13 INFO  : Jtag cable 'Avnet MiniZed V1 1234-oj1A' is selected.
04:11:13 INFO  : 'jtag frequency' command is executed.
04:11:13 INFO  : Sourcing of '/home/deazon/final_project/final_project.sdk/final_project_grade_3_wrapper_hw_platform_0/ps7_init.tcl' is done.
04:11:13 INFO  : Context for 'APU' is selected.
04:11:13 INFO  : System reset is completed.
04:11:16 INFO  : 'after 3000' command is executed.
04:11:16 INFO  : 'targets -set -filter {jtag_cable_name =~ "Avnet MiniZed V1 1234-oj1A" && level==0} -index 1' command is executed.
04:11:17 INFO  : FPGA configured successfully with bitstream "/home/deazon/final_project/final_project.sdk/final_project_grade_3_wrapper_hw_platform_0/final_project_grade_3_wrapper.bit"
04:11:17 INFO  : Context for 'APU' is selected.
04:11:18 INFO  : Hardware design information is loaded from '/home/deazon/final_project/final_project.sdk/final_project_grade_3_wrapper_hw_platform_0/system.hdf'.
04:11:18 INFO  : 'configparams force-mem-access 1' command is executed.
04:11:18 INFO  : Context for 'APU' is selected.
04:11:19 INFO  : 'ps7_init' command is executed.
04:11:19 INFO  : 'ps7_post_config' command is executed.
04:11:19 INFO  : Context for processor 'ps7_cortexa9_0' is selected.
04:11:19 INFO  : The application '/home/deazon/final_project/final_project.sdk/nn_inference_grade3/Debug/nn_inference_grade3.elf' is downloaded to processor 'ps7_cortexa9_0'.
04:11:19 INFO  : 'configparams force-mem-access 0' command is executed.
04:11:19 INFO  : ----------------XSDB Script----------------
connect -url tcp:127.0.0.1:3121
source /home/deazon/final_project/final_project.sdk/final_project_grade_3_wrapper_hw_platform_0/ps7_init.tcl
targets -set -nocase -filter {name =~"APU*" && jtag_cable_name =~ "Avnet MiniZed V1 1234-oj1A"} -index 0
rst -system
after 3000
targets -set -filter {jtag_cable_name =~ "Avnet MiniZed V1 1234-oj1A" && level==0} -index 1
fpga -file /home/deazon/final_project/final_project.sdk/final_project_grade_3_wrapper_hw_platform_0/final_project_grade_3_wrapper.bit
targets -set -nocase -filter {name =~"APU*" && jtag_cable_name =~ "Avnet MiniZed V1 1234-oj1A"} -index 0
loadhw -hw /home/deazon/final_project/final_project.sdk/final_project_grade_3_wrapper_hw_platform_0/system.hdf -mem-ranges [list {0x40000000 0xbfffffff}]
configparams force-mem-access 1
targets -set -nocase -filter {name =~"APU*" && jtag_cable_name =~ "Avnet MiniZed V1 1234-oj1A"} -index 0
ps7_init
ps7_post_config
targets -set -nocase -filter {name =~ "ARM*#0" && jtag_cable_name =~ "Avnet MiniZed V1 1234-oj1A"} -index 0
dow /home/deazon/final_project/final_project.sdk/nn_inference_grade3/Debug/nn_inference_grade3.elf
configparams force-mem-access 0
----------------End of Script----------------

04:11:19 INFO  : Memory regions updated for context APU
04:11:19 INFO  : Context for processor 'ps7_cortexa9_0' is selected.
04:11:19 INFO  : 'con' command is executed.
04:11:19 INFO  : ----------------XSDB Script (After Launch)----------------
targets -set -nocase -filter {name =~ "ARM*#0" && jtag_cable_name =~ "Avnet MiniZed V1 1234-oj1A"} -index 0
con
----------------End of Script----------------

04:11:19 INFO  : Launch script is exported to file '/home/deazon/final_project/final_project.sdk/.sdk/launch_scripts/xilinx_c-c++_application_(system_debugger)/nn_inference_grade3_debug.tcl'
04:15:14 INFO  : Disconnected from the channel tcfchan#13.
04:15:15 INFO  : Connected to target on host '127.0.0.1' and port '3121'.
04:15:15 INFO  : Jtag cable 'Avnet MiniZed V1 1234-oj1A' is selected.
04:15:15 INFO  : 'jtag frequency' command is executed.
04:15:15 INFO  : Sourcing of '/home/deazon/final_project/final_project.sdk/final_project_grade_3_wrapper_hw_platform_0/ps7_init.tcl' is done.
04:15:15 INFO  : Context for 'APU' is selected.
04:15:16 INFO  : System reset is completed.
04:15:19 INFO  : 'after 3000' command is executed.
04:15:19 INFO  : 'targets -set -filter {jtag_cable_name =~ "Avnet MiniZed V1 1234-oj1A" && level==0} -index 1' command is executed.
04:15:20 INFO  : FPGA configured successfully with bitstream "/home/deazon/final_project/final_project.sdk/final_project_grade_3_wrapper_hw_platform_0/final_project_grade_3_wrapper.bit"
04:15:20 INFO  : Context for 'APU' is selected.
04:15:21 INFO  : Hardware design information is loaded from '/home/deazon/final_project/final_project.sdk/final_project_grade_3_wrapper_hw_platform_0/system.hdf'.
04:15:21 INFO  : 'configparams force-mem-access 1' command is executed.
04:15:21 INFO  : Context for 'APU' is selected.
04:15:21 INFO  : 'ps7_init' command is executed.
04:15:21 INFO  : 'ps7_post_config' command is executed.
04:15:21 INFO  : Context for processor 'ps7_cortexa9_0' is selected.
04:15:22 INFO  : The application '/home/deazon/final_project/final_project.sdk/nn_inference_grade3/Debug/nn_inference_grade3.elf' is downloaded to processor 'ps7_cortexa9_0'.
04:15:22 INFO  : 'configparams force-mem-access 0' command is executed.
04:15:22 INFO  : ----------------XSDB Script----------------
connect -url tcp:127.0.0.1:3121
source /home/deazon/final_project/final_project.sdk/final_project_grade_3_wrapper_hw_platform_0/ps7_init.tcl
targets -set -nocase -filter {name =~"APU*" && jtag_cable_name =~ "Avnet MiniZed V1 1234-oj1A"} -index 0
rst -system
after 3000
targets -set -filter {jtag_cable_name =~ "Avnet MiniZed V1 1234-oj1A" && level==0} -index 1
fpga -file /home/deazon/final_project/final_project.sdk/final_project_grade_3_wrapper_hw_platform_0/final_project_grade_3_wrapper.bit
targets -set -nocase -filter {name =~"APU*" && jtag_cable_name =~ "Avnet MiniZed V1 1234-oj1A"} -index 0
loadhw -hw /home/deazon/final_project/final_project.sdk/final_project_grade_3_wrapper_hw_platform_0/system.hdf -mem-ranges [list {0x40000000 0xbfffffff}]
configparams force-mem-access 1
targets -set -nocase -filter {name =~"APU*" && jtag_cable_name =~ "Avnet MiniZed V1 1234-oj1A"} -index 0
ps7_init
ps7_post_config
targets -set -nocase -filter {name =~ "ARM*#0" && jtag_cable_name =~ "Avnet MiniZed V1 1234-oj1A"} -index 0
dow /home/deazon/final_project/final_project.sdk/nn_inference_grade3/Debug/nn_inference_grade3.elf
configparams force-mem-access 0
----------------End of Script----------------

04:15:22 INFO  : Memory regions updated for context APU
04:15:22 INFO  : Context for processor 'ps7_cortexa9_0' is selected.
04:15:22 INFO  : 'con' command is executed.
04:15:22 INFO  : ----------------XSDB Script (After Launch)----------------
targets -set -nocase -filter {name =~ "ARM*#0" && jtag_cable_name =~ "Avnet MiniZed V1 1234-oj1A"} -index 0
con
----------------End of Script----------------

04:15:22 INFO  : Launch script is exported to file '/home/deazon/final_project/final_project.sdk/.sdk/launch_scripts/xilinx_c-c++_application_(system_debugger)/nn_inference_grade3_debug.tcl'
04:18:05 INFO  : Disconnected from the channel tcfchan#14.
04:18:06 INFO  : Connected to target on host '127.0.0.1' and port '3121'.
04:18:06 INFO  : Jtag cable 'Avnet MiniZed V1 1234-oj1A' is selected.
04:18:06 INFO  : 'jtag frequency' command is executed.
04:18:06 INFO  : Sourcing of '/home/deazon/final_project/final_project.sdk/final_project_grade_3_wrapper_hw_platform_0/ps7_init.tcl' is done.
04:18:06 INFO  : Context for 'APU' is selected.
04:18:06 INFO  : System reset is completed.
04:18:09 INFO  : 'after 3000' command is executed.
04:18:09 INFO  : 'targets -set -filter {jtag_cable_name =~ "Avnet MiniZed V1 1234-oj1A" && level==0} -index 1' command is executed.
04:18:10 INFO  : FPGA configured successfully with bitstream "/home/deazon/final_project/final_project.sdk/final_project_grade_3_wrapper_hw_platform_0/final_project_grade_3_wrapper.bit"
04:18:10 INFO  : Context for 'APU' is selected.
04:18:11 INFO  : Hardware design information is loaded from '/home/deazon/final_project/final_project.sdk/final_project_grade_3_wrapper_hw_platform_0/system.hdf'.
04:18:11 INFO  : 'configparams force-mem-access 1' command is executed.
04:18:11 INFO  : Context for 'APU' is selected.
04:18:12 INFO  : 'ps7_init' command is executed.
04:18:12 INFO  : 'ps7_post_config' command is executed.
04:18:12 INFO  : Context for processor 'ps7_cortexa9_0' is selected.
04:18:12 INFO  : The application '/home/deazon/final_project/final_project.sdk/nn_inference_grade3/Debug/nn_inference_grade3.elf' is downloaded to processor 'ps7_cortexa9_0'.
04:18:12 INFO  : 'configparams force-mem-access 0' command is executed.
04:18:12 INFO  : ----------------XSDB Script----------------
connect -url tcp:127.0.0.1:3121
source /home/deazon/final_project/final_project.sdk/final_project_grade_3_wrapper_hw_platform_0/ps7_init.tcl
targets -set -nocase -filter {name =~"APU*" && jtag_cable_name =~ "Avnet MiniZed V1 1234-oj1A"} -index 0
rst -system
after 3000
targets -set -filter {jtag_cable_name =~ "Avnet MiniZed V1 1234-oj1A" && level==0} -index 1
fpga -file /home/deazon/final_project/final_project.sdk/final_project_grade_3_wrapper_hw_platform_0/final_project_grade_3_wrapper.bit
targets -set -nocase -filter {name =~"APU*" && jtag_cable_name =~ "Avnet MiniZed V1 1234-oj1A"} -index 0
loadhw -hw /home/deazon/final_project/final_project.sdk/final_project_grade_3_wrapper_hw_platform_0/system.hdf -mem-ranges [list {0x40000000 0xbfffffff}]
configparams force-mem-access 1
targets -set -nocase -filter {name =~"APU*" && jtag_cable_name =~ "Avnet MiniZed V1 1234-oj1A"} -index 0
ps7_init
ps7_post_config
targets -set -nocase -filter {name =~ "ARM*#0" && jtag_cable_name =~ "Avnet MiniZed V1 1234-oj1A"} -index 0
dow /home/deazon/final_project/final_project.sdk/nn_inference_grade3/Debug/nn_inference_grade3.elf
configparams force-mem-access 0
----------------End of Script----------------

04:18:12 INFO  : Memory regions updated for context APU
04:18:12 INFO  : Context for processor 'ps7_cortexa9_0' is selected.
04:18:12 INFO  : 'con' command is executed.
04:18:12 INFO  : ----------------XSDB Script (After Launch)----------------
targets -set -nocase -filter {name =~ "ARM*#0" && jtag_cable_name =~ "Avnet MiniZed V1 1234-oj1A"} -index 0
con
----------------End of Script----------------

04:18:12 INFO  : Launch script is exported to file '/home/deazon/final_project/final_project.sdk/.sdk/launch_scripts/xilinx_c-c++_application_(system_debugger)/nn_inference_grade3_debug.tcl'
04:20:43 INFO  : Disconnected from the channel tcfchan#15.
04:20:44 INFO  : Connected to target on host '127.0.0.1' and port '3121'.
04:20:45 INFO  : Jtag cable 'Avnet MiniZed V1 1234-oj1A' is selected.
04:20:45 INFO  : 'jtag frequency' command is executed.
04:20:45 INFO  : Sourcing of '/home/deazon/final_project/final_project.sdk/final_project_grade_3_wrapper_hw_platform_0/ps7_init.tcl' is done.
04:20:45 INFO  : Context for 'APU' is selected.
04:20:45 INFO  : System reset is completed.
04:20:48 INFO  : 'after 3000' command is executed.
04:20:48 INFO  : 'targets -set -filter {jtag_cable_name =~ "Avnet MiniZed V1 1234-oj1A" && level==0} -index 1' command is executed.
04:20:49 INFO  : FPGA configured successfully with bitstream "/home/deazon/final_project/final_project.sdk/final_project_grade_3_wrapper_hw_platform_0/final_project_grade_3_wrapper.bit"
04:20:49 INFO  : Context for 'APU' is selected.
04:20:51 INFO  : Hardware design information is loaded from '/home/deazon/final_project/final_project.sdk/final_project_grade_3_wrapper_hw_platform_0/system.hdf'.
04:20:51 INFO  : 'configparams force-mem-access 1' command is executed.
04:20:51 INFO  : Context for 'APU' is selected.
04:20:51 INFO  : 'ps7_init' command is executed.
04:20:51 INFO  : 'ps7_post_config' command is executed.
04:20:51 INFO  : Context for processor 'ps7_cortexa9_0' is selected.
04:20:51 INFO  : The application '/home/deazon/final_project/final_project.sdk/nn_inference_grade3/Debug/nn_inference_grade3.elf' is downloaded to processor 'ps7_cortexa9_0'.
04:20:51 INFO  : 'configparams force-mem-access 0' command is executed.
04:20:51 INFO  : ----------------XSDB Script----------------
connect -url tcp:127.0.0.1:3121
source /home/deazon/final_project/final_project.sdk/final_project_grade_3_wrapper_hw_platform_0/ps7_init.tcl
targets -set -nocase -filter {name =~"APU*" && jtag_cable_name =~ "Avnet MiniZed V1 1234-oj1A"} -index 0
rst -system
after 3000
targets -set -filter {jtag_cable_name =~ "Avnet MiniZed V1 1234-oj1A" && level==0} -index 1
fpga -file /home/deazon/final_project/final_project.sdk/final_project_grade_3_wrapper_hw_platform_0/final_project_grade_3_wrapper.bit
targets -set -nocase -filter {name =~"APU*" && jtag_cable_name =~ "Avnet MiniZed V1 1234-oj1A"} -index 0
loadhw -hw /home/deazon/final_project/final_project.sdk/final_project_grade_3_wrapper_hw_platform_0/system.hdf -mem-ranges [list {0x40000000 0xbfffffff}]
configparams force-mem-access 1
targets -set -nocase -filter {name =~"APU*" && jtag_cable_name =~ "Avnet MiniZed V1 1234-oj1A"} -index 0
ps7_init
ps7_post_config
targets -set -nocase -filter {name =~ "ARM*#0" && jtag_cable_name =~ "Avnet MiniZed V1 1234-oj1A"} -index 0
dow /home/deazon/final_project/final_project.sdk/nn_inference_grade3/Debug/nn_inference_grade3.elf
configparams force-mem-access 0
----------------End of Script----------------

04:20:51 INFO  : Memory regions updated for context APU
04:20:51 INFO  : Context for processor 'ps7_cortexa9_0' is selected.
04:20:51 INFO  : 'con' command is executed.
04:20:51 INFO  : ----------------XSDB Script (After Launch)----------------
targets -set -nocase -filter {name =~ "ARM*#0" && jtag_cable_name =~ "Avnet MiniZed V1 1234-oj1A"} -index 0
con
----------------End of Script----------------

04:20:51 INFO  : Launch script is exported to file '/home/deazon/final_project/final_project.sdk/.sdk/launch_scripts/xilinx_c-c++_application_(system_debugger)/nn_inference_grade3_debug.tcl'
04:22:02 INFO  : Disconnected from the channel tcfchan#16.
04:22:03 INFO  : Connected to target on host '127.0.0.1' and port '3121'.
04:22:04 INFO  : Jtag cable 'Avnet MiniZed V1 1234-oj1A' is selected.
04:22:04 INFO  : 'jtag frequency' command is executed.
04:22:04 INFO  : Sourcing of '/home/deazon/final_project/final_project.sdk/final_project_grade_3_wrapper_hw_platform_0/ps7_init.tcl' is done.
04:22:04 INFO  : Context for 'APU' is selected.
04:22:04 INFO  : System reset is completed.
04:22:07 INFO  : 'after 3000' command is executed.
04:22:07 INFO  : 'targets -set -filter {jtag_cable_name =~ "Avnet MiniZed V1 1234-oj1A" && level==0} -index 1' command is executed.
04:22:08 INFO  : FPGA configured successfully with bitstream "/home/deazon/final_project/final_project.sdk/final_project_grade_3_wrapper_hw_platform_0/final_project_grade_3_wrapper.bit"
04:22:08 INFO  : Context for 'APU' is selected.
04:22:09 INFO  : Hardware design information is loaded from '/home/deazon/final_project/final_project.sdk/final_project_grade_3_wrapper_hw_platform_0/system.hdf'.
04:22:09 INFO  : 'configparams force-mem-access 1' command is executed.
04:22:09 INFO  : Context for 'APU' is selected.
04:22:09 INFO  : 'ps7_init' command is executed.
04:22:09 INFO  : 'ps7_post_config' command is executed.
04:22:09 INFO  : Context for processor 'ps7_cortexa9_0' is selected.
04:22:09 INFO  : The application '/home/deazon/final_project/final_project.sdk/nn_inference_grade3/Debug/nn_inference_grade3.elf' is downloaded to processor 'ps7_cortexa9_0'.
04:22:09 INFO  : 'configparams force-mem-access 0' command is executed.
04:22:09 INFO  : ----------------XSDB Script----------------
connect -url tcp:127.0.0.1:3121
source /home/deazon/final_project/final_project.sdk/final_project_grade_3_wrapper_hw_platform_0/ps7_init.tcl
targets -set -nocase -filter {name =~"APU*" && jtag_cable_name =~ "Avnet MiniZed V1 1234-oj1A"} -index 0
rst -system
after 3000
targets -set -filter {jtag_cable_name =~ "Avnet MiniZed V1 1234-oj1A" && level==0} -index 1
fpga -file /home/deazon/final_project/final_project.sdk/final_project_grade_3_wrapper_hw_platform_0/final_project_grade_3_wrapper.bit
targets -set -nocase -filter {name =~"APU*" && jtag_cable_name =~ "Avnet MiniZed V1 1234-oj1A"} -index 0
loadhw -hw /home/deazon/final_project/final_project.sdk/final_project_grade_3_wrapper_hw_platform_0/system.hdf -mem-ranges [list {0x40000000 0xbfffffff}]
configparams force-mem-access 1
targets -set -nocase -filter {name =~"APU*" && jtag_cable_name =~ "Avnet MiniZed V1 1234-oj1A"} -index 0
ps7_init
ps7_post_config
targets -set -nocase -filter {name =~ "ARM*#0" && jtag_cable_name =~ "Avnet MiniZed V1 1234-oj1A"} -index 0
dow /home/deazon/final_project/final_project.sdk/nn_inference_grade3/Debug/nn_inference_grade3.elf
configparams force-mem-access 0
----------------End of Script----------------

04:22:09 INFO  : Memory regions updated for context APU
04:22:10 INFO  : Context for processor 'ps7_cortexa9_0' is selected.
04:22:10 INFO  : 'con' command is executed.
04:22:10 INFO  : ----------------XSDB Script (After Launch)----------------
targets -set -nocase -filter {name =~ "ARM*#0" && jtag_cable_name =~ "Avnet MiniZed V1 1234-oj1A"} -index 0
con
----------------End of Script----------------

04:22:10 INFO  : Launch script is exported to file '/home/deazon/final_project/final_project.sdk/.sdk/launch_scripts/xilinx_c-c++_application_(system_debugger)/nn_inference_grade3_debug.tcl'
04:23:07 INFO  : Disconnected from the channel tcfchan#17.
04:23:08 INFO  : Connected to target on host '127.0.0.1' and port '3121'.
04:23:08 INFO  : Jtag cable 'Avnet MiniZed V1 1234-oj1A' is selected.
04:23:08 INFO  : 'jtag frequency' command is executed.
04:23:08 INFO  : Sourcing of '/home/deazon/final_project/final_project.sdk/final_project_grade_3_wrapper_hw_platform_0/ps7_init.tcl' is done.
04:23:08 INFO  : Context for 'APU' is selected.
04:23:08 INFO  : System reset is completed.
04:23:11 INFO  : 'after 3000' command is executed.
04:23:11 INFO  : 'targets -set -filter {jtag_cable_name =~ "Avnet MiniZed V1 1234-oj1A" && level==0} -index 1' command is executed.
04:23:12 INFO  : FPGA configured successfully with bitstream "/home/deazon/final_project/final_project.sdk/final_project_grade_3_wrapper_hw_platform_0/final_project_grade_3_wrapper.bit"
04:23:12 INFO  : Context for 'APU' is selected.
04:23:13 INFO  : Hardware design information is loaded from '/home/deazon/final_project/final_project.sdk/final_project_grade_3_wrapper_hw_platform_0/system.hdf'.
04:23:13 INFO  : 'configparams force-mem-access 1' command is executed.
04:23:13 INFO  : Context for 'APU' is selected.
04:23:13 INFO  : 'ps7_init' command is executed.
04:23:13 INFO  : 'ps7_post_config' command is executed.
04:23:13 INFO  : Context for processor 'ps7_cortexa9_0' is selected.
04:23:14 INFO  : The application '/home/deazon/final_project/final_project.sdk/nn_inference_grade3/Debug/nn_inference_grade3.elf' is downloaded to processor 'ps7_cortexa9_0'.
04:23:14 INFO  : 'configparams force-mem-access 0' command is executed.
04:23:14 INFO  : ----------------XSDB Script----------------
connect -url tcp:127.0.0.1:3121
source /home/deazon/final_project/final_project.sdk/final_project_grade_3_wrapper_hw_platform_0/ps7_init.tcl
targets -set -nocase -filter {name =~"APU*" && jtag_cable_name =~ "Avnet MiniZed V1 1234-oj1A"} -index 0
rst -system
after 3000
targets -set -filter {jtag_cable_name =~ "Avnet MiniZed V1 1234-oj1A" && level==0} -index 1
fpga -file /home/deazon/final_project/final_project.sdk/final_project_grade_3_wrapper_hw_platform_0/final_project_grade_3_wrapper.bit
targets -set -nocase -filter {name =~"APU*" && jtag_cable_name =~ "Avnet MiniZed V1 1234-oj1A"} -index 0
loadhw -hw /home/deazon/final_project/final_project.sdk/final_project_grade_3_wrapper_hw_platform_0/system.hdf -mem-ranges [list {0x40000000 0xbfffffff}]
configparams force-mem-access 1
targets -set -nocase -filter {name =~"APU*" && jtag_cable_name =~ "Avnet MiniZed V1 1234-oj1A"} -index 0
ps7_init
ps7_post_config
targets -set -nocase -filter {name =~ "ARM*#0" && jtag_cable_name =~ "Avnet MiniZed V1 1234-oj1A"} -index 0
dow /home/deazon/final_project/final_project.sdk/nn_inference_grade3/Debug/nn_inference_grade3.elf
configparams force-mem-access 0
----------------End of Script----------------

04:23:14 INFO  : Memory regions updated for context APU
04:23:14 INFO  : Context for processor 'ps7_cortexa9_0' is selected.
04:23:14 INFO  : 'con' command is executed.
04:23:14 INFO  : ----------------XSDB Script (After Launch)----------------
targets -set -nocase -filter {name =~ "ARM*#0" && jtag_cable_name =~ "Avnet MiniZed V1 1234-oj1A"} -index 0
con
----------------End of Script----------------

04:23:14 INFO  : Launch script is exported to file '/home/deazon/final_project/final_project.sdk/.sdk/launch_scripts/xilinx_c-c++_application_(system_debugger)/nn_inference_grade3_debug.tcl'
04:23:36 INFO  : Disconnected from the channel tcfchan#18.
04:23:37 INFO  : Connected to target on host '127.0.0.1' and port '3121'.
04:23:37 INFO  : Jtag cable 'Avnet MiniZed V1 1234-oj1A' is selected.
04:23:37 INFO  : 'jtag frequency' command is executed.
04:23:37 INFO  : Sourcing of '/home/deazon/final_project/final_project.sdk/final_project_grade_3_wrapper_hw_platform_0/ps7_init.tcl' is done.
04:23:37 INFO  : Context for 'APU' is selected.
04:23:37 INFO  : System reset is completed.
04:23:40 INFO  : 'after 3000' command is executed.
04:23:41 INFO  : 'targets -set -filter {jtag_cable_name =~ "Avnet MiniZed V1 1234-oj1A" && level==0} -index 1' command is executed.
04:23:42 INFO  : FPGA configured successfully with bitstream "/home/deazon/final_project/final_project.sdk/final_project_grade_3_wrapper_hw_platform_0/final_project_grade_3_wrapper.bit"
04:23:42 INFO  : Context for 'APU' is selected.
04:23:43 INFO  : Hardware design information is loaded from '/home/deazon/final_project/final_project.sdk/final_project_grade_3_wrapper_hw_platform_0/system.hdf'.
04:23:43 INFO  : 'configparams force-mem-access 1' command is executed.
04:23:43 INFO  : Context for 'APU' is selected.
04:23:43 INFO  : 'ps7_init' command is executed.
04:23:43 INFO  : 'ps7_post_config' command is executed.
04:23:43 INFO  : Context for processor 'ps7_cortexa9_0' is selected.
04:23:43 INFO  : The application '/home/deazon/final_project/final_project.sdk/nn_inference_grade3/Debug/nn_inference_grade3.elf' is downloaded to processor 'ps7_cortexa9_0'.
04:23:43 INFO  : 'configparams force-mem-access 0' command is executed.
04:23:43 INFO  : ----------------XSDB Script----------------
connect -url tcp:127.0.0.1:3121
source /home/deazon/final_project/final_project.sdk/final_project_grade_3_wrapper_hw_platform_0/ps7_init.tcl
targets -set -nocase -filter {name =~"APU*" && jtag_cable_name =~ "Avnet MiniZed V1 1234-oj1A"} -index 0
rst -system
after 3000
targets -set -filter {jtag_cable_name =~ "Avnet MiniZed V1 1234-oj1A" && level==0} -index 1
fpga -file /home/deazon/final_project/final_project.sdk/final_project_grade_3_wrapper_hw_platform_0/final_project_grade_3_wrapper.bit
targets -set -nocase -filter {name =~"APU*" && jtag_cable_name =~ "Avnet MiniZed V1 1234-oj1A"} -index 0
loadhw -hw /home/deazon/final_project/final_project.sdk/final_project_grade_3_wrapper_hw_platform_0/system.hdf -mem-ranges [list {0x40000000 0xbfffffff}]
configparams force-mem-access 1
targets -set -nocase -filter {name =~"APU*" && jtag_cable_name =~ "Avnet MiniZed V1 1234-oj1A"} -index 0
ps7_init
ps7_post_config
targets -set -nocase -filter {name =~ "ARM*#0" && jtag_cable_name =~ "Avnet MiniZed V1 1234-oj1A"} -index 0
dow /home/deazon/final_project/final_project.sdk/nn_inference_grade3/Debug/nn_inference_grade3.elf
configparams force-mem-access 0
----------------End of Script----------------

04:23:43 INFO  : Memory regions updated for context APU
04:23:43 INFO  : Context for processor 'ps7_cortexa9_0' is selected.
04:23:43 INFO  : 'con' command is executed.
04:23:43 INFO  : ----------------XSDB Script (After Launch)----------------
targets -set -nocase -filter {name =~ "ARM*#0" && jtag_cable_name =~ "Avnet MiniZed V1 1234-oj1A"} -index 0
con
----------------End of Script----------------

04:23:43 INFO  : Launch script is exported to file '/home/deazon/final_project/final_project.sdk/.sdk/launch_scripts/xilinx_c-c++_application_(system_debugger)/nn_inference_grade3_debug.tcl'
04:26:24 INFO  : Disconnected from the channel tcfchan#19.
04:26:25 INFO  : Connected to target on host '127.0.0.1' and port '3121'.
04:26:25 INFO  : Jtag cable 'Avnet MiniZed V1 1234-oj1A' is selected.
04:26:25 INFO  : 'jtag frequency' command is executed.
04:26:25 INFO  : Sourcing of '/home/deazon/final_project/final_project.sdk/final_project_grade_3_wrapper_hw_platform_0/ps7_init.tcl' is done.
04:26:25 INFO  : Context for 'APU' is selected.
04:26:25 INFO  : System reset is completed.
04:26:28 INFO  : 'after 3000' command is executed.
04:26:28 INFO  : 'targets -set -filter {jtag_cable_name =~ "Avnet MiniZed V1 1234-oj1A" && level==0} -index 1' command is executed.
04:26:30 INFO  : FPGA configured successfully with bitstream "/home/deazon/final_project/final_project.sdk/final_project_grade_3_wrapper_hw_platform_0/final_project_grade_3_wrapper.bit"
04:26:30 INFO  : Context for 'APU' is selected.
04:26:31 INFO  : Hardware design information is loaded from '/home/deazon/final_project/final_project.sdk/final_project_grade_3_wrapper_hw_platform_0/system.hdf'.
04:26:31 INFO  : 'configparams force-mem-access 1' command is executed.
04:26:31 INFO  : Context for 'APU' is selected.
04:26:31 INFO  : 'ps7_init' command is executed.
04:26:31 INFO  : 'ps7_post_config' command is executed.
04:26:31 INFO  : Context for processor 'ps7_cortexa9_0' is selected.
04:26:31 INFO  : The application '/home/deazon/final_project/final_project.sdk/nn_inference_grade3/Debug/nn_inference_grade3.elf' is downloaded to processor 'ps7_cortexa9_0'.
04:26:31 INFO  : 'configparams force-mem-access 0' command is executed.
04:26:31 INFO  : ----------------XSDB Script----------------
connect -url tcp:127.0.0.1:3121
source /home/deazon/final_project/final_project.sdk/final_project_grade_3_wrapper_hw_platform_0/ps7_init.tcl
targets -set -nocase -filter {name =~"APU*" && jtag_cable_name =~ "Avnet MiniZed V1 1234-oj1A"} -index 0
rst -system
after 3000
targets -set -filter {jtag_cable_name =~ "Avnet MiniZed V1 1234-oj1A" && level==0} -index 1
fpga -file /home/deazon/final_project/final_project.sdk/final_project_grade_3_wrapper_hw_platform_0/final_project_grade_3_wrapper.bit
targets -set -nocase -filter {name =~"APU*" && jtag_cable_name =~ "Avnet MiniZed V1 1234-oj1A"} -index 0
loadhw -hw /home/deazon/final_project/final_project.sdk/final_project_grade_3_wrapper_hw_platform_0/system.hdf -mem-ranges [list {0x40000000 0xbfffffff}]
configparams force-mem-access 1
targets -set -nocase -filter {name =~"APU*" && jtag_cable_name =~ "Avnet MiniZed V1 1234-oj1A"} -index 0
ps7_init
ps7_post_config
targets -set -nocase -filter {name =~ "ARM*#0" && jtag_cable_name =~ "Avnet MiniZed V1 1234-oj1A"} -index 0
dow /home/deazon/final_project/final_project.sdk/nn_inference_grade3/Debug/nn_inference_grade3.elf
configparams force-mem-access 0
----------------End of Script----------------

04:26:31 INFO  : Memory regions updated for context APU
04:26:31 INFO  : Context for processor 'ps7_cortexa9_0' is selected.
04:26:31 INFO  : 'con' command is executed.
04:26:31 INFO  : ----------------XSDB Script (After Launch)----------------
targets -set -nocase -filter {name =~ "ARM*#0" && jtag_cable_name =~ "Avnet MiniZed V1 1234-oj1A"} -index 0
con
----------------End of Script----------------

04:26:31 INFO  : Launch script is exported to file '/home/deazon/final_project/final_project.sdk/.sdk/launch_scripts/xilinx_c-c++_application_(system_debugger)/nn_inference_grade3_debug.tcl'
04:28:17 INFO  : Disconnected from the channel tcfchan#20.
04:28:18 INFO  : Connected to target on host '127.0.0.1' and port '3121'.
04:28:18 INFO  : Jtag cable 'Avnet MiniZed V1 1234-oj1A' is selected.
04:28:18 INFO  : 'jtag frequency' command is executed.
04:28:18 INFO  : Sourcing of '/home/deazon/final_project/final_project.sdk/final_project_grade_3_wrapper_hw_platform_0/ps7_init.tcl' is done.
04:28:18 INFO  : Context for 'APU' is selected.
04:28:18 INFO  : System reset is completed.
04:28:21 INFO  : 'after 3000' command is executed.
04:28:21 INFO  : 'targets -set -filter {jtag_cable_name =~ "Avnet MiniZed V1 1234-oj1A" && level==0} -index 1' command is executed.
04:28:22 INFO  : FPGA configured successfully with bitstream "/home/deazon/final_project/final_project.sdk/final_project_grade_3_wrapper_hw_platform_0/final_project_grade_3_wrapper.bit"
04:28:22 INFO  : Context for 'APU' is selected.
04:28:24 INFO  : Hardware design information is loaded from '/home/deazon/final_project/final_project.sdk/final_project_grade_3_wrapper_hw_platform_0/system.hdf'.
04:28:24 INFO  : 'configparams force-mem-access 1' command is executed.
04:28:24 INFO  : Context for 'APU' is selected.
04:28:24 INFO  : 'ps7_init' command is executed.
04:28:24 INFO  : 'ps7_post_config' command is executed.
04:28:24 INFO  : Context for processor 'ps7_cortexa9_0' is selected.
04:28:24 INFO  : The application '/home/deazon/final_project/final_project.sdk/nn_inference_grade3/Debug/nn_inference_grade3.elf' is downloaded to processor 'ps7_cortexa9_0'.
04:28:24 INFO  : 'configparams force-mem-access 0' command is executed.
04:28:24 INFO  : ----------------XSDB Script----------------
connect -url tcp:127.0.0.1:3121
source /home/deazon/final_project/final_project.sdk/final_project_grade_3_wrapper_hw_platform_0/ps7_init.tcl
targets -set -nocase -filter {name =~"APU*" && jtag_cable_name =~ "Avnet MiniZed V1 1234-oj1A"} -index 0
rst -system
after 3000
targets -set -filter {jtag_cable_name =~ "Avnet MiniZed V1 1234-oj1A" && level==0} -index 1
fpga -file /home/deazon/final_project/final_project.sdk/final_project_grade_3_wrapper_hw_platform_0/final_project_grade_3_wrapper.bit
targets -set -nocase -filter {name =~"APU*" && jtag_cable_name =~ "Avnet MiniZed V1 1234-oj1A"} -index 0
loadhw -hw /home/deazon/final_project/final_project.sdk/final_project_grade_3_wrapper_hw_platform_0/system.hdf -mem-ranges [list {0x40000000 0xbfffffff}]
configparams force-mem-access 1
targets -set -nocase -filter {name =~"APU*" && jtag_cable_name =~ "Avnet MiniZed V1 1234-oj1A"} -index 0
ps7_init
ps7_post_config
targets -set -nocase -filter {name =~ "ARM*#0" && jtag_cable_name =~ "Avnet MiniZed V1 1234-oj1A"} -index 0
dow /home/deazon/final_project/final_project.sdk/nn_inference_grade3/Debug/nn_inference_grade3.elf
configparams force-mem-access 0
----------------End of Script----------------

04:28:24 INFO  : Memory regions updated for context APU
04:28:24 INFO  : Context for processor 'ps7_cortexa9_0' is selected.
04:28:24 INFO  : 'con' command is executed.
04:28:24 INFO  : ----------------XSDB Script (After Launch)----------------
targets -set -nocase -filter {name =~ "ARM*#0" && jtag_cable_name =~ "Avnet MiniZed V1 1234-oj1A"} -index 0
con
----------------End of Script----------------

04:28:24 INFO  : Launch script is exported to file '/home/deazon/final_project/final_project.sdk/.sdk/launch_scripts/xilinx_c-c++_application_(system_debugger)/nn_inference_grade3_debug.tcl'
04:30:16 INFO  : Disconnected from the channel tcfchan#21.
04:30:17 INFO  : Connected to target on host '127.0.0.1' and port '3121'.
04:30:17 INFO  : Jtag cable 'Avnet MiniZed V1 1234-oj1A' is selected.
04:30:17 INFO  : 'jtag frequency' command is executed.
04:30:17 INFO  : Sourcing of '/home/deazon/final_project/final_project.sdk/final_project_grade_3_wrapper_hw_platform_0/ps7_init.tcl' is done.
04:30:17 INFO  : Context for 'APU' is selected.
04:30:17 INFO  : System reset is completed.
04:30:20 INFO  : 'after 3000' command is executed.
04:30:20 INFO  : 'targets -set -filter {jtag_cable_name =~ "Avnet MiniZed V1 1234-oj1A" && level==0} -index 1' command is executed.
04:30:21 INFO  : FPGA configured successfully with bitstream "/home/deazon/final_project/final_project.sdk/final_project_grade_3_wrapper_hw_platform_0/final_project_grade_3_wrapper.bit"
04:30:21 INFO  : Context for 'APU' is selected.
04:30:23 INFO  : Hardware design information is loaded from '/home/deazon/final_project/final_project.sdk/final_project_grade_3_wrapper_hw_platform_0/system.hdf'.
04:30:23 INFO  : 'configparams force-mem-access 1' command is executed.
04:30:23 INFO  : Context for 'APU' is selected.
04:30:23 INFO  : 'ps7_init' command is executed.
04:30:23 INFO  : 'ps7_post_config' command is executed.
04:30:23 INFO  : Context for processor 'ps7_cortexa9_0' is selected.
04:30:23 INFO  : The application '/home/deazon/final_project/final_project.sdk/nn_inference_grade3/Debug/nn_inference_grade3.elf' is downloaded to processor 'ps7_cortexa9_0'.
04:30:23 INFO  : 'configparams force-mem-access 0' command is executed.
04:30:23 INFO  : ----------------XSDB Script----------------
connect -url tcp:127.0.0.1:3121
source /home/deazon/final_project/final_project.sdk/final_project_grade_3_wrapper_hw_platform_0/ps7_init.tcl
targets -set -nocase -filter {name =~"APU*" && jtag_cable_name =~ "Avnet MiniZed V1 1234-oj1A"} -index 0
rst -system
after 3000
targets -set -filter {jtag_cable_name =~ "Avnet MiniZed V1 1234-oj1A" && level==0} -index 1
fpga -file /home/deazon/final_project/final_project.sdk/final_project_grade_3_wrapper_hw_platform_0/final_project_grade_3_wrapper.bit
targets -set -nocase -filter {name =~"APU*" && jtag_cable_name =~ "Avnet MiniZed V1 1234-oj1A"} -index 0
loadhw -hw /home/deazon/final_project/final_project.sdk/final_project_grade_3_wrapper_hw_platform_0/system.hdf -mem-ranges [list {0x40000000 0xbfffffff}]
configparams force-mem-access 1
targets -set -nocase -filter {name =~"APU*" && jtag_cable_name =~ "Avnet MiniZed V1 1234-oj1A"} -index 0
ps7_init
ps7_post_config
targets -set -nocase -filter {name =~ "ARM*#0" && jtag_cable_name =~ "Avnet MiniZed V1 1234-oj1A"} -index 0
dow /home/deazon/final_project/final_project.sdk/nn_inference_grade3/Debug/nn_inference_grade3.elf
configparams force-mem-access 0
----------------End of Script----------------

04:30:23 INFO  : Memory regions updated for context APU
04:30:23 INFO  : Context for processor 'ps7_cortexa9_0' is selected.
04:30:23 INFO  : 'con' command is executed.
04:30:23 INFO  : ----------------XSDB Script (After Launch)----------------
targets -set -nocase -filter {name =~ "ARM*#0" && jtag_cable_name =~ "Avnet MiniZed V1 1234-oj1A"} -index 0
con
----------------End of Script----------------

04:30:23 INFO  : Launch script is exported to file '/home/deazon/final_project/final_project.sdk/.sdk/launch_scripts/xilinx_c-c++_application_(system_debugger)/nn_inference_grade3_debug.tcl'
04:36:18 INFO  : Disconnected from the channel tcfchan#22.
04:41:31 INFO  : Launching XSCT server: xsct -n -interactive /home/deazon/final_project/final_project.sdk/temp_xsdb_launch_script.tcl
04:41:33 INFO  : XSCT server has started successfully.
04:41:35 INFO  : Successfully done setting XSCT server connection channel  
04:41:35 INFO  : Successfully done setting SDK workspace  
04:41:36 INFO  : Registering command handlers for SDK TCF services
04:41:37 INFO  : Processing command line option -hwspec /home/deazon/final_project/final_project.sdk/final_project_grade_3_wrapper.hdf.
04:41:37 INFO  : Checking for hwspec changes in the project final_project_grade_3_wrapper_hw_platform_0.
04:41:37 INFO  : SDK has detected change in the last modified timestamps for source hardware specification file Source:1768362042000,  Project:1768350087000
04:41:37 INFO  : The hardware specification for project 'final_project_grade_3_wrapper_hw_platform_0' is different from /home/deazon/final_project/final_project.sdk/final_project_grade_3_wrapper.hdf.
04:41:37 INFO  : Copied contents of /home/deazon/final_project/final_project.sdk/final_project_grade_3_wrapper.hdf into /final_project_grade_3_wrapper_hw_platform_0/system.hdf.
04:41:39 INFO  : Synchronizing projects in the workspace with the hardware platform specification changes.
04:41:40 INFO  : 
04:41:41 INFO  : Updating hardware inferred compiler options for nn_inference_grade3.
04:41:41 INFO  : Clearing existing target manager status.
04:41:41 INFO  : Closing and re-opening the MSS file of ther project nn_inference_grade3_bsp
04:41:41 INFO  : Closing and re-opening the MSS file of ther project nn_inference_grade3_bsp
04:41:42 INFO  : Workspace synchronized with the new hardware specification file. Cleaning dependent projects...
04:41:42 WARN  : Linker script will not be updated automatically. Users need to update it manually.
04:42:48 INFO  : Connected to target on host '127.0.0.1' and port '3121'.
04:42:48 INFO  : 'targets -set -filter {jtag_cable_name =~ "Avnet MiniZed V1 1234-oj1A" && level==0} -index 1' command is executed.
04:42:50 INFO  : FPGA configured successfully with bitstream "/home/deazon/final_project/final_project.sdk/final_project_grade_3_wrapper_hw_platform_0/final_project_grade_3_wrapper.bit"
04:43:12 INFO  : Connected to target on host '127.0.0.1' and port '3121'.
04:43:12 INFO  : Jtag cable 'Avnet MiniZed V1 1234-oj1A' is selected.
04:43:12 INFO  : 'jtag frequency' command is executed.
04:43:12 INFO  : Sourcing of '/home/deazon/final_project/final_project.sdk/final_project_grade_3_wrapper_hw_platform_0/ps7_init.tcl' is done.
04:43:12 INFO  : Context for 'APU' is selected.
04:43:12 INFO  : System reset is completed.
04:43:15 INFO  : 'after 3000' command is executed.
04:43:15 INFO  : 'targets -set -filter {jtag_cable_name =~ "Avnet MiniZed V1 1234-oj1A" && level==0} -index 1' command is executed.
04:43:16 INFO  : FPGA configured successfully with bitstream "/home/deazon/final_project/final_project.sdk/final_project_grade_3_wrapper_hw_platform_0/final_project_grade_3_wrapper.bit"
04:43:16 INFO  : Context for 'APU' is selected.
04:43:16 INFO  : Hardware design information is loaded from '/home/deazon/final_project/final_project.sdk/final_project_grade_3_wrapper_hw_platform_0/system.hdf'.
04:43:16 INFO  : 'configparams force-mem-access 1' command is executed.
04:43:16 INFO  : Context for 'APU' is selected.
04:43:16 INFO  : 'ps7_init' command is executed.
04:43:16 INFO  : 'ps7_post_config' command is executed.
04:43:16 INFO  : Context for processor 'ps7_cortexa9_0' is selected.
04:43:17 INFO  : The application '/home/deazon/final_project/final_project.sdk/nn_inference_grade3/Debug/nn_inference_grade3.elf' is downloaded to processor 'ps7_cortexa9_0'.
04:43:17 INFO  : 'configparams force-mem-access 0' command is executed.
04:43:17 INFO  : ----------------XSDB Script----------------
connect -url tcp:127.0.0.1:3121
source /home/deazon/final_project/final_project.sdk/final_project_grade_3_wrapper_hw_platform_0/ps7_init.tcl
targets -set -nocase -filter {name =~"APU*" && jtag_cable_name =~ "Avnet MiniZed V1 1234-oj1A"} -index 0
rst -system
after 3000
targets -set -filter {jtag_cable_name =~ "Avnet MiniZed V1 1234-oj1A" && level==0} -index 1
fpga -file /home/deazon/final_project/final_project.sdk/final_project_grade_3_wrapper_hw_platform_0/final_project_grade_3_wrapper.bit
targets -set -nocase -filter {name =~"APU*" && jtag_cable_name =~ "Avnet MiniZed V1 1234-oj1A"} -index 0
loadhw -hw /home/deazon/final_project/final_project.sdk/final_project_grade_3_wrapper_hw_platform_0/system.hdf -mem-ranges [list {0x40000000 0xbfffffff}]
configparams force-mem-access 1
targets -set -nocase -filter {name =~"APU*" && jtag_cable_name =~ "Avnet MiniZed V1 1234-oj1A"} -index 0
ps7_init
ps7_post_config
targets -set -nocase -filter {name =~ "ARM*#0" && jtag_cable_name =~ "Avnet MiniZed V1 1234-oj1A"} -index 0
dow /home/deazon/final_project/final_project.sdk/nn_inference_grade3/Debug/nn_inference_grade3.elf
configparams force-mem-access 0
----------------End of Script----------------

04:43:17 INFO  : Memory regions updated for context APU
04:43:17 INFO  : Context for processor 'ps7_cortexa9_0' is selected.
04:43:17 INFO  : 'con' command is executed.
04:43:17 INFO  : ----------------XSDB Script (After Launch)----------------
targets -set -nocase -filter {name =~ "ARM*#0" && jtag_cable_name =~ "Avnet MiniZed V1 1234-oj1A"} -index 0
con
----------------End of Script----------------

04:43:17 INFO  : Launch script is exported to file '/home/deazon/final_project/final_project.sdk/.sdk/launch_scripts/xilinx_c-c++_application_(system_debugger)/nn_inference_grade3_debug.tcl'
04:45:30 INFO  : Disconnected from the channel tcfchan#1.
04:45:31 INFO  : Connected to target on host '127.0.0.1' and port '3121'.
04:45:31 INFO  : Jtag cable 'Avnet MiniZed V1 1234-oj1A' is selected.
04:45:31 INFO  : 'jtag frequency' command is executed.
04:45:31 INFO  : Sourcing of '/home/deazon/final_project/final_project.sdk/final_project_grade_3_wrapper_hw_platform_0/ps7_init.tcl' is done.
04:45:31 INFO  : Context for 'APU' is selected.
04:45:31 INFO  : System reset is completed.
04:45:34 INFO  : 'after 3000' command is executed.
04:45:34 INFO  : 'targets -set -filter {jtag_cable_name =~ "Avnet MiniZed V1 1234-oj1A" && level==0} -index 1' command is executed.
04:45:35 INFO  : FPGA configured successfully with bitstream "/home/deazon/final_project/final_project.sdk/final_project_grade_3_wrapper_hw_platform_0/final_project_grade_3_wrapper.bit"
04:45:35 INFO  : Context for 'APU' is selected.
04:45:36 INFO  : Hardware design information is loaded from '/home/deazon/final_project/final_project.sdk/final_project_grade_3_wrapper_hw_platform_0/system.hdf'.
04:45:36 INFO  : 'configparams force-mem-access 1' command is executed.
04:45:36 INFO  : Context for 'APU' is selected.
04:45:36 INFO  : 'ps7_init' command is executed.
04:45:36 INFO  : 'ps7_post_config' command is executed.
04:45:36 INFO  : Context for processor 'ps7_cortexa9_0' is selected.
04:45:37 INFO  : The application '/home/deazon/final_project/final_project.sdk/nn_inference_grade3/Debug/nn_inference_grade3.elf' is downloaded to processor 'ps7_cortexa9_0'.
04:45:37 INFO  : 'configparams force-mem-access 0' command is executed.
04:45:37 INFO  : ----------------XSDB Script----------------
connect -url tcp:127.0.0.1:3121
source /home/deazon/final_project/final_project.sdk/final_project_grade_3_wrapper_hw_platform_0/ps7_init.tcl
targets -set -nocase -filter {name =~"APU*" && jtag_cable_name =~ "Avnet MiniZed V1 1234-oj1A"} -index 0
rst -system
after 3000
targets -set -filter {jtag_cable_name =~ "Avnet MiniZed V1 1234-oj1A" && level==0} -index 1
fpga -file /home/deazon/final_project/final_project.sdk/final_project_grade_3_wrapper_hw_platform_0/final_project_grade_3_wrapper.bit
targets -set -nocase -filter {name =~"APU*" && jtag_cable_name =~ "Avnet MiniZed V1 1234-oj1A"} -index 0
loadhw -hw /home/deazon/final_project/final_project.sdk/final_project_grade_3_wrapper_hw_platform_0/system.hdf -mem-ranges [list {0x40000000 0xbfffffff}]
configparams force-mem-access 1
targets -set -nocase -filter {name =~"APU*" && jtag_cable_name =~ "Avnet MiniZed V1 1234-oj1A"} -index 0
ps7_init
ps7_post_config
targets -set -nocase -filter {name =~ "ARM*#0" && jtag_cable_name =~ "Avnet MiniZed V1 1234-oj1A"} -index 0
dow /home/deazon/final_project/final_project.sdk/nn_inference_grade3/Debug/nn_inference_grade3.elf
configparams force-mem-access 0
----------------End of Script----------------

04:45:37 INFO  : Memory regions updated for context APU
04:45:37 INFO  : Context for processor 'ps7_cortexa9_0' is selected.
04:45:37 INFO  : 'con' command is executed.
04:45:37 INFO  : ----------------XSDB Script (After Launch)----------------
targets -set -nocase -filter {name =~ "ARM*#0" && jtag_cable_name =~ "Avnet MiniZed V1 1234-oj1A"} -index 0
con
----------------End of Script----------------

04:45:37 INFO  : Launch script is exported to file '/home/deazon/final_project/final_project.sdk/.sdk/launch_scripts/xilinx_c-c++_application_(system_debugger)/nn_inference_grade3_debug.tcl'
04:48:49 INFO  : Disconnected from the channel tcfchan#2.
04:48:50 INFO  : Connected to target on host '127.0.0.1' and port '3121'.
04:48:51 INFO  : Jtag cable 'Avnet MiniZed V1 1234-oj1A' is selected.
04:48:51 INFO  : 'jtag frequency' command is executed.
04:48:51 INFO  : Sourcing of '/home/deazon/final_project/final_project.sdk/final_project_grade_3_wrapper_hw_platform_0/ps7_init.tcl' is done.
04:48:51 INFO  : Context for 'APU' is selected.
04:48:51 INFO  : System reset is completed.
04:48:54 INFO  : 'after 3000' command is executed.
04:48:54 INFO  : 'targets -set -filter {jtag_cable_name =~ "Avnet MiniZed V1 1234-oj1A" && level==0} -index 1' command is executed.
04:48:55 INFO  : FPGA configured successfully with bitstream "/home/deazon/final_project/final_project.sdk/final_project_grade_3_wrapper_hw_platform_0/final_project_grade_3_wrapper.bit"
04:48:55 INFO  : Context for 'APU' is selected.
04:48:55 INFO  : Hardware design information is loaded from '/home/deazon/final_project/final_project.sdk/final_project_grade_3_wrapper_hw_platform_0/system.hdf'.
04:48:55 INFO  : 'configparams force-mem-access 1' command is executed.
04:48:55 INFO  : Context for 'APU' is selected.
04:48:55 INFO  : 'ps7_init' command is executed.
04:48:55 INFO  : 'ps7_post_config' command is executed.
04:48:55 INFO  : Context for processor 'ps7_cortexa9_0' is selected.
04:48:55 INFO  : The application '/home/deazon/final_project/final_project.sdk/nn_inference_grade3/Debug/nn_inference_grade3.elf' is downloaded to processor 'ps7_cortexa9_0'.
04:48:55 INFO  : 'configparams force-mem-access 0' command is executed.
04:48:55 INFO  : ----------------XSDB Script----------------
connect -url tcp:127.0.0.1:3121
source /home/deazon/final_project/final_project.sdk/final_project_grade_3_wrapper_hw_platform_0/ps7_init.tcl
targets -set -nocase -filter {name =~"APU*" && jtag_cable_name =~ "Avnet MiniZed V1 1234-oj1A"} -index 0
rst -system
after 3000
targets -set -filter {jtag_cable_name =~ "Avnet MiniZed V1 1234-oj1A" && level==0} -index 1
fpga -file /home/deazon/final_project/final_project.sdk/final_project_grade_3_wrapper_hw_platform_0/final_project_grade_3_wrapper.bit
targets -set -nocase -filter {name =~"APU*" && jtag_cable_name =~ "Avnet MiniZed V1 1234-oj1A"} -index 0
loadhw -hw /home/deazon/final_project/final_project.sdk/final_project_grade_3_wrapper_hw_platform_0/system.hdf -mem-ranges [list {0x40000000 0xbfffffff}]
configparams force-mem-access 1
targets -set -nocase -filter {name =~"APU*" && jtag_cable_name =~ "Avnet MiniZed V1 1234-oj1A"} -index 0
ps7_init
ps7_post_config
targets -set -nocase -filter {name =~ "ARM*#0" && jtag_cable_name =~ "Avnet MiniZed V1 1234-oj1A"} -index 0
dow /home/deazon/final_project/final_project.sdk/nn_inference_grade3/Debug/nn_inference_grade3.elf
configparams force-mem-access 0
----------------End of Script----------------

04:48:55 INFO  : Memory regions updated for context APU
04:48:55 INFO  : Context for processor 'ps7_cortexa9_0' is selected.
04:48:55 INFO  : 'con' command is executed.
04:48:55 INFO  : ----------------XSDB Script (After Launch)----------------
targets -set -nocase -filter {name =~ "ARM*#0" && jtag_cable_name =~ "Avnet MiniZed V1 1234-oj1A"} -index 0
con
----------------End of Script----------------

04:48:55 INFO  : Launch script is exported to file '/home/deazon/final_project/final_project.sdk/.sdk/launch_scripts/xilinx_c-c++_application_(system_debugger)/nn_inference_grade3_debug.tcl'
04:52:12 INFO  : Disconnected from the channel tcfchan#3.
04:52:13 INFO  : Connected to target on host '127.0.0.1' and port '3121'.
04:52:13 INFO  : Jtag cable 'Avnet MiniZed V1 1234-oj1A' is selected.
04:52:13 INFO  : 'jtag frequency' command is executed.
04:52:13 INFO  : Sourcing of '/home/deazon/final_project/final_project.sdk/final_project_grade_3_wrapper_hw_platform_0/ps7_init.tcl' is done.
04:52:13 INFO  : Context for 'APU' is selected.
04:52:13 INFO  : System reset is completed.
04:52:16 INFO  : 'after 3000' command is executed.
04:52:16 INFO  : 'targets -set -filter {jtag_cable_name =~ "Avnet MiniZed V1 1234-oj1A" && level==0} -index 1' command is executed.
04:52:17 INFO  : FPGA configured successfully with bitstream "/home/deazon/final_project/final_project.sdk/final_project_grade_3_wrapper_hw_platform_0/final_project_grade_3_wrapper.bit"
04:52:17 INFO  : Context for 'APU' is selected.
04:52:17 INFO  : Hardware design information is loaded from '/home/deazon/final_project/final_project.sdk/final_project_grade_3_wrapper_hw_platform_0/system.hdf'.
04:52:17 INFO  : 'configparams force-mem-access 1' command is executed.
04:52:17 INFO  : Context for 'APU' is selected.
04:52:17 INFO  : 'ps7_init' command is executed.
04:52:17 INFO  : 'ps7_post_config' command is executed.
04:52:17 INFO  : Context for processor 'ps7_cortexa9_0' is selected.
04:52:18 INFO  : The application '/home/deazon/final_project/final_project.sdk/nn_inference_grade3/Debug/nn_inference_grade3.elf' is downloaded to processor 'ps7_cortexa9_0'.
04:52:18 INFO  : 'configparams force-mem-access 0' command is executed.
04:52:18 INFO  : ----------------XSDB Script----------------
connect -url tcp:127.0.0.1:3121
source /home/deazon/final_project/final_project.sdk/final_project_grade_3_wrapper_hw_platform_0/ps7_init.tcl
targets -set -nocase -filter {name =~"APU*" && jtag_cable_name =~ "Avnet MiniZed V1 1234-oj1A"} -index 0
rst -system
after 3000
targets -set -filter {jtag_cable_name =~ "Avnet MiniZed V1 1234-oj1A" && level==0} -index 1
fpga -file /home/deazon/final_project/final_project.sdk/final_project_grade_3_wrapper_hw_platform_0/final_project_grade_3_wrapper.bit
targets -set -nocase -filter {name =~"APU*" && jtag_cable_name =~ "Avnet MiniZed V1 1234-oj1A"} -index 0
loadhw -hw /home/deazon/final_project/final_project.sdk/final_project_grade_3_wrapper_hw_platform_0/system.hdf -mem-ranges [list {0x40000000 0xbfffffff}]
configparams force-mem-access 1
targets -set -nocase -filter {name =~"APU*" && jtag_cable_name =~ "Avnet MiniZed V1 1234-oj1A"} -index 0
ps7_init
ps7_post_config
targets -set -nocase -filter {name =~ "ARM*#0" && jtag_cable_name =~ "Avnet MiniZed V1 1234-oj1A"} -index 0
dow /home/deazon/final_project/final_project.sdk/nn_inference_grade3/Debug/nn_inference_grade3.elf
configparams force-mem-access 0
----------------End of Script----------------

04:52:18 INFO  : Memory regions updated for context APU
04:52:18 INFO  : Context for processor 'ps7_cortexa9_0' is selected.
04:52:18 INFO  : 'con' command is executed.
04:52:18 INFO  : ----------------XSDB Script (After Launch)----------------
targets -set -nocase -filter {name =~ "ARM*#0" && jtag_cable_name =~ "Avnet MiniZed V1 1234-oj1A"} -index 0
con
----------------End of Script----------------

04:52:18 INFO  : Launch script is exported to file '/home/deazon/final_project/final_project.sdk/.sdk/launch_scripts/xilinx_c-c++_application_(system_debugger)/nn_inference_grade3_debug.tcl'
