16:38:50 INFO  : Registering command handlers for SDK TCF services
16:38:53 INFO  : Launching XSCT server: xsct.bat -interactive C:\Users\AhmadSabbah\Downloads\lab-simplified\Lab2_handout\tutorial-1\tutorial-1.sdk\temp_xsdb_launch_script.tcl
16:38:58 INFO  : XSCT server has started successfully.
16:39:05 INFO  : Successfully done setting XSCT server connection channel  
16:39:05 INFO  : Successfully done setting SDK workspace  
16:39:05 INFO  : Processing command line option -hwspec C:/Users/AhmadSabbah/Downloads/lab-simplified/Lab2_handout/tutorial-1/tutorial-1.sdk/design_1_wrapper.hdf.
16:47:35 INFO  : Example project tutorial-1_bsp_xgpiops_intr_example_1 has been created successfully.
16:47:36 INFO  : Example project tutorial-1_bsp_xgpiops_polled_example_1 has been created successfully.
16:48:22 INFO  : Example project tutorial-1_bsp_xgpiops_intr_example_2 has been created successfully.
08:35:12 INFO  : Registering command handlers for SDK TCF services
08:35:13 INFO  : Launching XSCT server: xsct.bat -interactive C:\Users\Samo\Desktop\tutorial-1\tutorial-1.sdk\temp_xsdb_launch_script.tcl
08:35:17 INFO  : XSCT server has started successfully.
08:35:17 INFO  : Successfully done setting XSCT server connection channel  
08:35:25 INFO  : Successfully done setting SDK workspace  
08:35:25 INFO  : Processing command line option -hwspec C:/Users/Samo/Desktop/tutorial-1/tutorial-1.sdk/design_1_wrapper.hdf.
08:39:13 INFO  : Connected to target on host '127.0.0.1' and port '3121'.
08:39:31 INFO  : ----------------XSDB Script----------------
connect -url tcp:127.0.0.1:3121
----------------End of Script----------------

08:39:31 INFO  : Connected to target on host '127.0.0.1' and port '3121'.
08:39:49 INFO  : ----------------XSDB Script----------------
connect -url tcp:127.0.0.1:3121
----------------End of Script----------------

08:40:10 INFO  : Connected to target on host '127.0.0.1' and port '3121'.
08:40:29 INFO  : ----------------XSDB Script----------------
connect -url tcp:127.0.0.1:3121
----------------End of Script----------------

08:40:37 INFO  : Connected to target on host '127.0.0.1' and port '3121'.
08:40:37 INFO  : Jtag cable 'Avnet MiniZed V1 1234-oj1A' is selected.
08:40:37 INFO  : 'jtag frequency' command is executed.
08:40:37 INFO  : Sourcing of 'C:/Users/Samo/Desktop/tutorial-1/tutorial-1.sdk/design_1_wrapper_hw_platform_0/ps7_init.tcl' is done.
08:40:38 INFO  : Context for 'APU' is selected.
08:40:38 INFO  : System reset is completed.
08:40:42 INFO  : 'after 3000' command is executed.
08:40:42 INFO  : 'targets -set -filter {jtag_cable_name =~ "Avnet MiniZed V1 1234-oj1A" && level==0} -index 1' command is executed.
08:40:43 INFO  : FPGA configured successfully with bitstream "C:/Users/Samo/Desktop/tutorial-1/tutorial-1.sdk/design_1_wrapper_hw_platform_0/design_1_wrapper.bit"
08:40:45 INFO  : Context for 'APU' is selected.
08:40:45 INFO  : Hardware design information is loaded from 'C:/Users/Samo/Desktop/tutorial-1/tutorial-1.sdk/design_1_wrapper_hw_platform_0/system.hdf'.
08:40:45 INFO  : 'configparams force-mem-access 1' command is executed.
08:40:45 INFO  : Context for 'APU' is selected.
08:40:46 INFO  : 'ps7_init' command is executed.
08:40:46 INFO  : 'ps7_post_config' command is executed.
08:40:46 INFO  : 'configparams force-mem-access 0' command is executed.
08:40:46 INFO  : ----------------XSDB Script----------------
connect -url tcp:127.0.0.1:3121
source C:/Users/Samo/Desktop/tutorial-1/tutorial-1.sdk/design_1_wrapper_hw_platform_0/ps7_init.tcl
targets -set -nocase -filter {name =~"APU*" && jtag_cable_name =~ "Avnet MiniZed V1 1234-oj1A"} -index 0
rst -system
after 3000
targets -set -filter {jtag_cable_name =~ "Avnet MiniZed V1 1234-oj1A" && level==0} -index 1
fpga -file C:/Users/Samo/Desktop/tutorial-1/tutorial-1.sdk/design_1_wrapper_hw_platform_0/design_1_wrapper.bit
targets -set -nocase -filter {name =~"APU*" && jtag_cable_name =~ "Avnet MiniZed V1 1234-oj1A"} -index 0
loadhw -hw C:/Users/Samo/Desktop/tutorial-1/tutorial-1.sdk/design_1_wrapper_hw_platform_0/system.hdf -mem-ranges [list {0x40000000 0xbfffffff}]
configparams force-mem-access 1
targets -set -nocase -filter {name =~"APU*" && jtag_cable_name =~ "Avnet MiniZed V1 1234-oj1A"} -index 0
ps7_init
ps7_post_config
configparams force-mem-access 0
----------------End of Script----------------

08:40:47 INFO  : Memory regions updated for context APU
08:40:47 INFO  : Launch script is exported to file 'C:\Users\Samo\Desktop\tutorial-1\tutorial-1.sdk\.sdk\launch_scripts\xilinx_c-c++_application_(system_debugger)\system_debugger_on_local.tcl'
08:40:58 INFO  : Disconnected from the channel tcfchan#1.
08:40:59 INFO  : Connected to target on host '127.0.0.1' and port '3121'.
08:40:59 INFO  : Jtag cable 'Avnet MiniZed V1 1234-oj1A' is selected.
08:40:59 INFO  : 'jtag frequency' command is executed.
08:40:59 INFO  : Sourcing of 'C:/Users/Samo/Desktop/tutorial-1/tutorial-1.sdk/design_1_wrapper_hw_platform_0/ps7_init.tcl' is done.
08:40:59 INFO  : Context for 'APU' is selected.
08:40:59 INFO  : System reset is completed.
08:41:02 INFO  : 'after 3000' command is executed.
08:41:02 INFO  : 'targets -set -filter {jtag_cable_name =~ "Avnet MiniZed V1 1234-oj1A" && level==0} -index 1' command is executed.
08:41:03 INFO  : FPGA configured successfully with bitstream "C:/Users/Samo/Desktop/tutorial-1/tutorial-1.sdk/design_1_wrapper_hw_platform_0/design_1_wrapper.bit"
08:41:05 INFO  : Context for 'APU' is selected.
08:41:08 INFO  : Hardware design information is loaded from 'C:/Users/Samo/Desktop/tutorial-1/tutorial-1.sdk/design_1_wrapper_hw_platform_0/system.hdf'.
08:41:08 INFO  : 'configparams force-mem-access 1' command is executed.
08:41:08 INFO  : Context for 'APU' is selected.
08:41:09 INFO  : 'ps7_init' command is executed.
08:41:09 INFO  : 'ps7_post_config' command is executed.
08:41:09 INFO  : 'configparams force-mem-access 0' command is executed.
08:41:09 INFO  : ----------------XSDB Script----------------
connect -url tcp:127.0.0.1:3121
source C:/Users/Samo/Desktop/tutorial-1/tutorial-1.sdk/design_1_wrapper_hw_platform_0/ps7_init.tcl
targets -set -nocase -filter {name =~"APU*" && jtag_cable_name =~ "Avnet MiniZed V1 1234-oj1A"} -index 0
rst -system
after 3000
targets -set -filter {jtag_cable_name =~ "Avnet MiniZed V1 1234-oj1A" && level==0} -index 1
fpga -file C:/Users/Samo/Desktop/tutorial-1/tutorial-1.sdk/design_1_wrapper_hw_platform_0/design_1_wrapper.bit
targets -set -nocase -filter {name =~"APU*" && jtag_cable_name =~ "Avnet MiniZed V1 1234-oj1A"} -index 0
loadhw -hw C:/Users/Samo/Desktop/tutorial-1/tutorial-1.sdk/design_1_wrapper_hw_platform_0/system.hdf -mem-ranges [list {0x40000000 0xbfffffff}]
configparams force-mem-access 1
targets -set -nocase -filter {name =~"APU*" && jtag_cable_name =~ "Avnet MiniZed V1 1234-oj1A"} -index 0
ps7_init
ps7_post_config
configparams force-mem-access 0
----------------End of Script----------------

08:41:09 INFO  : Memory regions updated for context APU
08:41:09 INFO  : Launch script is exported to file 'C:\Users\Samo\Desktop\tutorial-1\tutorial-1.sdk\.sdk\launch_scripts\xilinx_c-c++_application_(system_debugger)\system_debugger_on_local.tcl'
08:42:43 INFO  : Disconnected from the channel tcfchan#2.
08:42:45 INFO  : Connected to target on host '127.0.0.1' and port '3121'.
08:42:45 INFO  : Jtag cable 'Avnet MiniZed V1 1234-oj1A' is selected.
08:42:45 INFO  : 'jtag frequency' command is executed.
08:42:45 INFO  : Sourcing of 'C:/Users/Samo/Desktop/tutorial-1/tutorial-1.sdk/design_1_wrapper_hw_platform_0/ps7_init.tcl' is done.
08:42:45 INFO  : Context for 'APU' is selected.
08:42:45 INFO  : System reset is completed.
08:42:48 INFO  : 'after 3000' command is executed.
08:42:48 INFO  : 'targets -set -filter {jtag_cable_name =~ "Avnet MiniZed V1 1234-oj1A" && level==0} -index 1' command is executed.
08:42:50 INFO  : FPGA configured successfully with bitstream "C:/Users/Samo/Desktop/tutorial-1/tutorial-1.sdk/design_1_wrapper_hw_platform_0/design_1_wrapper.bit"
08:42:50 INFO  : Context for 'APU' is selected.
08:42:50 INFO  : Hardware design information is loaded from 'C:/Users/Samo/Desktop/tutorial-1/tutorial-1.sdk/design_1_wrapper_hw_platform_0/system.hdf'.
08:42:50 INFO  : 'configparams force-mem-access 1' command is executed.
08:42:50 INFO  : Context for 'APU' is selected.
08:42:50 INFO  : 'ps7_init' command is executed.
08:42:50 INFO  : 'ps7_post_config' command is executed.
08:42:50 INFO  : 'configparams force-mem-access 0' command is executed.
08:42:50 INFO  : ----------------XSDB Script----------------
connect -url tcp:127.0.0.1:3121
source C:/Users/Samo/Desktop/tutorial-1/tutorial-1.sdk/design_1_wrapper_hw_platform_0/ps7_init.tcl
targets -set -nocase -filter {name =~"APU*" && jtag_cable_name =~ "Avnet MiniZed V1 1234-oj1A"} -index 0
rst -system
after 3000
targets -set -filter {jtag_cable_name =~ "Avnet MiniZed V1 1234-oj1A" && level==0} -index 1
fpga -file C:/Users/Samo/Desktop/tutorial-1/tutorial-1.sdk/design_1_wrapper_hw_platform_0/design_1_wrapper.bit
targets -set -nocase -filter {name =~"APU*" && jtag_cable_name =~ "Avnet MiniZed V1 1234-oj1A"} -index 0
loadhw -hw C:/Users/Samo/Desktop/tutorial-1/tutorial-1.sdk/design_1_wrapper_hw_platform_0/system.hdf -mem-ranges [list {0x40000000 0xbfffffff}]
configparams force-mem-access 1
targets -set -nocase -filter {name =~"APU*" && jtag_cable_name =~ "Avnet MiniZed V1 1234-oj1A"} -index 0
ps7_init
ps7_post_config
configparams force-mem-access 0
----------------End of Script----------------

08:42:50 INFO  : Memory regions updated for context APU
08:42:50 INFO  : Launch script is exported to file 'C:\Users\Samo\Desktop\tutorial-1\tutorial-1.sdk\.sdk\launch_scripts\xilinx_c-c++_application_(system_debugger)\system_debugger_on_local.tcl'
08:47:00 INFO  : Disconnected from the channel tcfchan#3.
08:47:01 INFO  : Connected to target on host '127.0.0.1' and port '3121'.
08:47:02 INFO  : Jtag cable 'Avnet MiniZed V1 1234-oj1A' is selected.
08:47:02 INFO  : 'jtag frequency' command is executed.
08:47:02 INFO  : Sourcing of 'C:/Users/Samo/Desktop/tutorial-1/tutorial-1.sdk/design_1_wrapper_hw_platform_0/ps7_init.tcl' is done.
08:47:02 INFO  : Context for 'APU' is selected.
08:47:02 INFO  : System reset is completed.
08:47:05 INFO  : 'after 3000' command is executed.
08:47:05 INFO  : 'targets -set -filter {jtag_cable_name =~ "Avnet MiniZed V1 1234-oj1A" && level==0} -index 1' command is executed.
08:47:06 INFO  : FPGA configured successfully with bitstream "C:/Users/Samo/Desktop/tutorial-1/tutorial-1.sdk/design_1_wrapper_hw_platform_0/design_1_wrapper.bit"
08:47:07 INFO  : Context for 'APU' is selected.
08:47:07 INFO  : Hardware design information is loaded from 'C:/Users/Samo/Desktop/tutorial-1/tutorial-1.sdk/design_1_wrapper_hw_platform_0/system.hdf'.
08:47:07 INFO  : 'configparams force-mem-access 1' command is executed.
08:47:07 INFO  : Context for 'APU' is selected.
08:47:07 INFO  : 'ps7_init' command is executed.
08:47:07 INFO  : 'ps7_post_config' command is executed.
08:47:07 INFO  : 'configparams force-mem-access 0' command is executed.
08:47:07 INFO  : ----------------XSDB Script----------------
connect -url tcp:127.0.0.1:3121
source C:/Users/Samo/Desktop/tutorial-1/tutorial-1.sdk/design_1_wrapper_hw_platform_0/ps7_init.tcl
targets -set -nocase -filter {name =~"APU*" && jtag_cable_name =~ "Avnet MiniZed V1 1234-oj1A"} -index 0
rst -system
after 3000
targets -set -filter {jtag_cable_name =~ "Avnet MiniZed V1 1234-oj1A" && level==0} -index 1
fpga -file C:/Users/Samo/Desktop/tutorial-1/tutorial-1.sdk/design_1_wrapper_hw_platform_0/design_1_wrapper.bit
targets -set -nocase -filter {name =~"APU*" && jtag_cable_name =~ "Avnet MiniZed V1 1234-oj1A"} -index 0
loadhw -hw C:/Users/Samo/Desktop/tutorial-1/tutorial-1.sdk/design_1_wrapper_hw_platform_0/system.hdf -mem-ranges [list {0x40000000 0xbfffffff}]
configparams force-mem-access 1
targets -set -nocase -filter {name =~"APU*" && jtag_cable_name =~ "Avnet MiniZed V1 1234-oj1A"} -index 0
ps7_init
ps7_post_config
configparams force-mem-access 0
----------------End of Script----------------

08:47:07 INFO  : Memory regions updated for context APU
08:47:07 INFO  : Launch script is exported to file 'C:\Users\Samo\Desktop\tutorial-1\tutorial-1.sdk\.sdk\launch_scripts\xilinx_c-c++_application_(system_debugger)\system_debugger_on_local.tcl'
09:08:25 INFO  : SDK has detected change in the last modified timestamps for source hardware specification file Source:1763971581102,  Project:1763393739834
09:08:25 INFO  : Project design_1_wrapper_hw_platform_1's source hardware specification located at C:/Users/Samo/Desktop/tutorial-1/tutorial-1.sdk/design_1_wrapper.hdf is now different from the local copy.
		 The local copy will be replaced with the source specification and your workspace will be updated.
09:11:35 INFO  : Copied contents of C:/Users/Samo/Desktop/tutorial-1/tutorial-1.sdk/design_1_wrapper.hdf into \design_1_wrapper_hw_platform_1\system.hdf.
09:11:39 INFO  : Synchronizing projects in the workspace with the hardware platform specification changes.
09:11:39 INFO  : Clearing existing target manager status.
09:11:39 INFO  : Workspace synchronized with the new hardware specification file. Cleaning dependent projects...
09:11:39 WARN  : Linker script will not be updated automatically. Users need to update it manually.
09:11:46 INFO  : Disconnected from the channel tcfchan#4.
09:12:11 INFO  : Registering command handlers for SDK TCF services
09:12:11 INFO  : Launching XSCT server: xsct.bat -interactive C:\Users\Samo\Desktop\tutorial-1\tutorial-1.sdk\temp_xsdb_launch_script.tcl
09:12:13 INFO  : XSCT server has started successfully.
09:12:14 INFO  : Successfully done setting XSCT server connection channel  
09:12:14 INFO  : Successfully done setting SDK workspace  
09:12:14 INFO  : Processing command line option -hwspec C:/Users/Samo/Desktop/tutorial-1/tutorial-1.sdk/design_1_wrapper.hdf.
09:12:14 INFO  : Checking for hwspec changes in the project design_1_wrapper_hw_platform_1.
09:41:10 INFO  : Example project tutorial-1_bsp_xgpiops_polled_example_2 has been created successfully.
09:45:52 INFO  : 'targets -set -filter {jtag_cable_name =~ "Avnet MiniZed V1 1234-oj1A" && level==0} -index 1' command is executed.
09:45:52 INFO  : 'fpga -state' command is executed.
09:45:52 INFO  : Connected to target on host '127.0.0.1' and port '3121'.
09:45:52 INFO  : Jtag cable 'Avnet MiniZed V1 1234-oj1A' is selected.
09:45:52 INFO  : 'jtag frequency' command is executed.
09:45:52 INFO  : Context for 'APU' is selected.
09:45:53 INFO  : Hardware design information is loaded from 'C:/Users/Samo/Desktop/tutorial-1/tutorial-1.sdk/design_1_wrapper_hw_platform_0/system.hdf'.
09:45:53 INFO  : 'configparams force-mem-access 1' command is executed.
09:45:53 INFO  : 'configparams force-mem-access 0' command is executed.
09:45:53 INFO  : ----------------XSDB Script----------------
connect -url tcp:127.0.0.1:3121
targets -set -nocase -filter {name =~"APU*" && jtag_cable_name =~ "Avnet MiniZed V1 1234-oj1A"} -index 0
loadhw -hw C:/Users/Samo/Desktop/tutorial-1/tutorial-1.sdk/design_1_wrapper_hw_platform_0/system.hdf -mem-ranges [list {0x40000000 0xbfffffff}]
configparams force-mem-access 1
configparams force-mem-access 0
----------------End of Script----------------

09:45:53 INFO  : Disconnected from the channel tcfchan#1.
09:47:36 INFO  : Connected to target on host '127.0.0.1' and port '3121'.
09:47:36 INFO  : Jtag cable 'Avnet MiniZed V1 1234-oj1A' is selected.
09:47:36 INFO  : 'jtag frequency' command is executed.
09:47:36 INFO  : Sourcing of 'C:/Users/Samo/Desktop/tutorial-1/tutorial-1.sdk/design_1_wrapper_hw_platform_0/ps7_init.tcl' is done.
09:47:36 INFO  : Context for 'APU' is selected.
09:47:36 INFO  : System reset is completed.
09:47:39 INFO  : 'after 3000' command is executed.
09:47:39 INFO  : 'targets -set -filter {jtag_cable_name =~ "Avnet MiniZed V1 1234-oj1A" && level==0} -index 1' command is executed.
09:47:41 INFO  : FPGA configured successfully with bitstream "C:/Users/Samo/Desktop/tutorial-1/tutorial-1.sdk/design_1_wrapper_hw_platform_0/design_1_wrapper.bit"
09:47:41 INFO  : Context for 'APU' is selected.
09:47:43 INFO  : Hardware design information is loaded from 'C:/Users/Samo/Desktop/tutorial-1/tutorial-1.sdk/design_1_wrapper_hw_platform_0/system.hdf'.
09:47:43 INFO  : 'configparams force-mem-access 1' command is executed.
09:47:43 INFO  : Context for 'APU' is selected.
09:47:44 INFO  : 'ps7_init' command is executed.
09:47:44 INFO  : 'ps7_post_config' command is executed.
09:47:44 INFO  : 'configparams force-mem-access 0' command is executed.
09:47:44 INFO  : ----------------XSDB Script----------------
connect -url tcp:127.0.0.1:3121
source C:/Users/Samo/Desktop/tutorial-1/tutorial-1.sdk/design_1_wrapper_hw_platform_0/ps7_init.tcl
targets -set -nocase -filter {name =~"APU*" && jtag_cable_name =~ "Avnet MiniZed V1 1234-oj1A"} -index 0
rst -system
after 3000
targets -set -filter {jtag_cable_name =~ "Avnet MiniZed V1 1234-oj1A" && level==0} -index 1
fpga -file C:/Users/Samo/Desktop/tutorial-1/tutorial-1.sdk/design_1_wrapper_hw_platform_0/design_1_wrapper.bit
targets -set -nocase -filter {name =~"APU*" && jtag_cable_name =~ "Avnet MiniZed V1 1234-oj1A"} -index 0
loadhw -hw C:/Users/Samo/Desktop/tutorial-1/tutorial-1.sdk/design_1_wrapper_hw_platform_0/system.hdf -mem-ranges [list {0x40000000 0xbfffffff}]
configparams force-mem-access 1
targets -set -nocase -filter {name =~"APU*" && jtag_cable_name =~ "Avnet MiniZed V1 1234-oj1A"} -index 0
ps7_init
ps7_post_config
configparams force-mem-access 0
----------------End of Script----------------

09:47:44 INFO  : Memory regions updated for context APU
09:47:44 INFO  : Launch script is exported to file 'C:\Users\Samo\Desktop\tutorial-1\tutorial-1.sdk\.sdk\launch_scripts\xilinx_c-c++_application_(system_debugger)\system_debugger_on_local.tcl'
09:48:15 INFO  : Connected to target on host '127.0.0.1' and port '3121'.
09:48:20 INFO  : Connected to target on host '127.0.0.1' and port '3121'.
09:48:32 INFO  : Disconnected from the channel tcfchan#2.
09:48:33 INFO  : Connected to target on host '127.0.0.1' and port '3121'.
09:48:33 INFO  : Jtag cable 'Avnet MiniZed V1 1234-oj1A' is selected.
09:48:33 INFO  : 'jtag frequency' command is executed.
09:48:33 INFO  : Sourcing of 'C:/Users/Samo/Desktop/tutorial-1/tutorial-1.sdk/design_1_wrapper_hw_platform_0/ps7_init.tcl' is done.
09:48:33 INFO  : Context for 'APU' is selected.
09:48:33 INFO  : System reset is completed.
09:48:36 INFO  : 'after 3000' command is executed.
09:48:37 INFO  : 'targets -set -filter {jtag_cable_name =~ "Avnet MiniZed V1 1234-oj1A" && level==0} -index 1' command is executed.
09:48:38 INFO  : FPGA configured successfully with bitstream "C:/Users/Samo/Desktop/tutorial-1/tutorial-1.sdk/design_1_wrapper_hw_platform_0/design_1_wrapper.bit"
09:48:38 INFO  : Context for 'APU' is selected.
09:48:38 INFO  : Hardware design information is loaded from 'C:/Users/Samo/Desktop/tutorial-1/tutorial-1.sdk/design_1_wrapper_hw_platform_0/system.hdf'.
09:48:38 INFO  : 'configparams force-mem-access 1' command is executed.
09:48:38 INFO  : Context for 'APU' is selected.
09:48:40 INFO  : 'ps7_init' command is executed.
09:48:40 INFO  : 'ps7_post_config' command is executed.
09:48:40 INFO  : 'configparams force-mem-access 0' command is executed.
09:48:40 INFO  : ----------------XSDB Script----------------
connect -url tcp:127.0.0.1:3121
source C:/Users/Samo/Desktop/tutorial-1/tutorial-1.sdk/design_1_wrapper_hw_platform_0/ps7_init.tcl
targets -set -nocase -filter {name =~"APU*" && jtag_cable_name =~ "Avnet MiniZed V1 1234-oj1A"} -index 0
rst -system
after 3000
targets -set -filter {jtag_cable_name =~ "Avnet MiniZed V1 1234-oj1A" && level==0} -index 1
fpga -file C:/Users/Samo/Desktop/tutorial-1/tutorial-1.sdk/design_1_wrapper_hw_platform_0/design_1_wrapper.bit
targets -set -nocase -filter {name =~"APU*" && jtag_cable_name =~ "Avnet MiniZed V1 1234-oj1A"} -index 0
loadhw -hw C:/Users/Samo/Desktop/tutorial-1/tutorial-1.sdk/design_1_wrapper_hw_platform_0/system.hdf -mem-ranges [list {0x40000000 0xbfffffff}]
configparams force-mem-access 1
targets -set -nocase -filter {name =~"APU*" && jtag_cable_name =~ "Avnet MiniZed V1 1234-oj1A"} -index 0
ps7_init
ps7_post_config
configparams force-mem-access 0
----------------End of Script----------------

09:48:40 INFO  : Memory regions updated for context APU
09:48:40 INFO  : Launch script is exported to file 'C:\Users\Samo\Desktop\tutorial-1\tutorial-1.sdk\.sdk\launch_scripts\xilinx_c-c++_application_(system_debugger)\system_debugger_on_local.tcl'
09:49:03 INFO  : Connected to target on host '127.0.0.1' and port '3121'.
09:49:07 INFO  : Connected to target on host '127.0.0.1' and port '3121'.
09:49:22 INFO  : Disconnected from the channel tcfchan#3.
09:49:23 INFO  : Connected to target on host '127.0.0.1' and port '3121'.
09:49:41 INFO  : ----------------XSDB Script----------------
connect -url tcp:127.0.0.1:3121
----------------End of Script----------------

09:50:03 INFO  : Connected to target on host '127.0.0.1' and port '3121'.
09:50:21 INFO  : ----------------XSDB Script----------------
connect -url tcp:127.0.0.1:3121
----------------End of Script----------------

09:50:38 INFO  : Connected to target on host '127.0.0.1' and port '3121'.
09:50:38 INFO  : Jtag cable 'Avnet MiniZed V1 1234-oj1A' is selected.
09:50:38 INFO  : 'jtag frequency' command is executed.
09:50:38 INFO  : Sourcing of 'C:/Users/Samo/Desktop/tutorial-1/tutorial-1.sdk/design_1_wrapper_hw_platform_0/ps7_init.tcl' is done.
09:50:38 INFO  : Context for 'APU' is selected.
09:50:39 INFO  : System reset is completed.
09:50:42 INFO  : 'after 3000' command is executed.
09:50:42 INFO  : 'targets -set -filter {jtag_cable_name =~ "Avnet MiniZed V1 1234-oj1A" && level==0} -index 1' command is executed.
09:50:43 INFO  : FPGA configured successfully with bitstream "C:/Users/Samo/Desktop/tutorial-1/tutorial-1.sdk/design_1_wrapper_hw_platform_0/design_1_wrapper.bit"
09:50:44 INFO  : Context for 'APU' is selected.
09:50:44 INFO  : Hardware design information is loaded from 'C:/Users/Samo/Desktop/tutorial-1/tutorial-1.sdk/design_1_wrapper_hw_platform_0/system.hdf'.
09:50:44 INFO  : 'configparams force-mem-access 1' command is executed.
09:50:44 INFO  : Context for 'APU' is selected.
09:50:45 INFO  : 'ps7_init' command is executed.
09:50:45 INFO  : 'ps7_post_config' command is executed.
09:50:45 INFO  : 'configparams force-mem-access 0' command is executed.
09:50:45 INFO  : ----------------XSDB Script----------------
connect -url tcp:127.0.0.1:3121
source C:/Users/Samo/Desktop/tutorial-1/tutorial-1.sdk/design_1_wrapper_hw_platform_0/ps7_init.tcl
targets -set -nocase -filter {name =~"APU*" && jtag_cable_name =~ "Avnet MiniZed V1 1234-oj1A"} -index 0
rst -system
after 3000
targets -set -filter {jtag_cable_name =~ "Avnet MiniZed V1 1234-oj1A" && level==0} -index 1
fpga -file C:/Users/Samo/Desktop/tutorial-1/tutorial-1.sdk/design_1_wrapper_hw_platform_0/design_1_wrapper.bit
targets -set -nocase -filter {name =~"APU*" && jtag_cable_name =~ "Avnet MiniZed V1 1234-oj1A"} -index 0
loadhw -hw C:/Users/Samo/Desktop/tutorial-1/tutorial-1.sdk/design_1_wrapper_hw_platform_0/system.hdf -mem-ranges [list {0x40000000 0xbfffffff}]
configparams force-mem-access 1
targets -set -nocase -filter {name =~"APU*" && jtag_cable_name =~ "Avnet MiniZed V1 1234-oj1A"} -index 0
ps7_init
ps7_post_config
configparams force-mem-access 0
----------------End of Script----------------

09:50:45 INFO  : Memory regions updated for context APU
09:50:45 INFO  : Launch script is exported to file 'C:\Users\Samo\Desktop\tutorial-1\tutorial-1.sdk\.sdk\launch_scripts\xilinx_c-c++_application_(system_debugger)\system_debugger_on_local.tcl'
09:51:14 INFO  : Disconnected from the channel tcfchan#4.
09:51:15 INFO  : Connected to target on host '127.0.0.1' and port '3121'.
09:51:16 INFO  : Jtag cable 'Avnet MiniZed V1 1234-oj1A' is selected.
09:51:16 INFO  : 'jtag frequency' command is executed.
09:51:16 INFO  : Sourcing of 'C:/Users/Samo/Desktop/tutorial-1/tutorial-1.sdk/design_1_wrapper_hw_platform_0/ps7_init.tcl' is done.
09:51:16 INFO  : Context for 'APU' is selected.
09:51:16 INFO  : System reset is completed.
09:51:19 INFO  : 'after 3000' command is executed.
09:51:19 INFO  : 'targets -set -filter {jtag_cable_name =~ "Avnet MiniZed V1 1234-oj1A" && level==0} -index 1' command is executed.
09:51:20 INFO  : FPGA configured successfully with bitstream "C:/Users/Samo/Desktop/tutorial-1/tutorial-1.sdk/design_1_wrapper_hw_platform_0/design_1_wrapper.bit"
09:51:20 INFO  : Context for 'APU' is selected.
09:51:20 INFO  : Hardware design information is loaded from 'C:/Users/Samo/Desktop/tutorial-1/tutorial-1.sdk/design_1_wrapper_hw_platform_0/system.hdf'.
09:51:20 INFO  : 'configparams force-mem-access 1' command is executed.
09:51:20 INFO  : Context for 'APU' is selected.
09:51:21 INFO  : 'ps7_init' command is executed.
09:51:21 INFO  : 'ps7_post_config' command is executed.
09:51:21 INFO  : 'configparams force-mem-access 0' command is executed.
09:51:21 INFO  : ----------------XSDB Script----------------
connect -url tcp:127.0.0.1:3121
source C:/Users/Samo/Desktop/tutorial-1/tutorial-1.sdk/design_1_wrapper_hw_platform_0/ps7_init.tcl
targets -set -nocase -filter {name =~"APU*" && jtag_cable_name =~ "Avnet MiniZed V1 1234-oj1A"} -index 0
rst -system
after 3000
targets -set -filter {jtag_cable_name =~ "Avnet MiniZed V1 1234-oj1A" && level==0} -index 1
fpga -file C:/Users/Samo/Desktop/tutorial-1/tutorial-1.sdk/design_1_wrapper_hw_platform_0/design_1_wrapper.bit
targets -set -nocase -filter {name =~"APU*" && jtag_cable_name =~ "Avnet MiniZed V1 1234-oj1A"} -index 0
loadhw -hw C:/Users/Samo/Desktop/tutorial-1/tutorial-1.sdk/design_1_wrapper_hw_platform_0/system.hdf -mem-ranges [list {0x40000000 0xbfffffff}]
configparams force-mem-access 1
targets -set -nocase -filter {name =~"APU*" && jtag_cable_name =~ "Avnet MiniZed V1 1234-oj1A"} -index 0
ps7_init
ps7_post_config
configparams force-mem-access 0
----------------End of Script----------------

09:51:21 INFO  : Memory regions updated for context APU
09:51:21 INFO  : Launch script is exported to file 'C:\Users\Samo\Desktop\tutorial-1\tutorial-1.sdk\.sdk\launch_scripts\xilinx_c-c++_application_(system_debugger)\system_debugger_on_local.tcl'
09:51:51 INFO  : Disconnected from the channel tcfchan#5.
09:51:52 INFO  : Connected to target on host '127.0.0.1' and port '3121'.
09:51:53 INFO  : Jtag cable 'Avnet MiniZed V1 1234-oj1A' is selected.
09:51:53 INFO  : 'jtag frequency' command is executed.
09:51:53 INFO  : Sourcing of 'C:/Users/Samo/Desktop/tutorial-1/tutorial-1.sdk/design_1_wrapper_hw_platform_0/ps7_init.tcl' is done.
09:51:53 INFO  : Context for 'APU' is selected.
09:51:53 INFO  : System reset is completed.
09:51:56 INFO  : 'after 3000' command is executed.
09:51:56 INFO  : 'targets -set -filter {jtag_cable_name =~ "Avnet MiniZed V1 1234-oj1A" && level==0} -index 1' command is executed.
09:51:57 INFO  : FPGA configured successfully with bitstream "C:/Users/Samo/Desktop/tutorial-1/tutorial-1.sdk/design_1_wrapper_hw_platform_0/design_1_wrapper.bit"
09:51:58 INFO  : Context for 'APU' is selected.
09:51:58 INFO  : Hardware design information is loaded from 'C:/Users/Samo/Desktop/tutorial-1/tutorial-1.sdk/design_1_wrapper_hw_platform_0/system.hdf'.
09:51:58 INFO  : 'configparams force-mem-access 1' command is executed.
09:51:58 INFO  : Context for 'APU' is selected.
09:51:59 INFO  : 'ps7_init' command is executed.
09:51:59 INFO  : 'ps7_post_config' command is executed.
09:51:59 INFO  : 'configparams force-mem-access 0' command is executed.
09:51:59 INFO  : ----------------XSDB Script----------------
connect -url tcp:127.0.0.1:3121
source C:/Users/Samo/Desktop/tutorial-1/tutorial-1.sdk/design_1_wrapper_hw_platform_0/ps7_init.tcl
targets -set -nocase -filter {name =~"APU*" && jtag_cable_name =~ "Avnet MiniZed V1 1234-oj1A"} -index 0
rst -system
after 3000
targets -set -filter {jtag_cable_name =~ "Avnet MiniZed V1 1234-oj1A" && level==0} -index 1
fpga -file C:/Users/Samo/Desktop/tutorial-1/tutorial-1.sdk/design_1_wrapper_hw_platform_0/design_1_wrapper.bit
targets -set -nocase -filter {name =~"APU*" && jtag_cable_name =~ "Avnet MiniZed V1 1234-oj1A"} -index 0
loadhw -hw C:/Users/Samo/Desktop/tutorial-1/tutorial-1.sdk/design_1_wrapper_hw_platform_0/system.hdf -mem-ranges [list {0x40000000 0xbfffffff}]
configparams force-mem-access 1
targets -set -nocase -filter {name =~"APU*" && jtag_cable_name =~ "Avnet MiniZed V1 1234-oj1A"} -index 0
ps7_init
ps7_post_config
configparams force-mem-access 0
----------------End of Script----------------

09:52:00 INFO  : Memory regions updated for context APU
09:52:00 INFO  : Launch script is exported to file 'C:\Users\Samo\Desktop\tutorial-1\tutorial-1.sdk\.sdk\launch_scripts\xilinx_c-c++_application_(system_debugger)\system_debugger_on_local.tcl'
09:52:31 INFO  : Disconnected from the channel tcfchan#6.
09:52:32 INFO  : Connected to target on host '127.0.0.1' and port '3121'.
09:52:33 INFO  : Jtag cable 'Avnet MiniZed V1 1234-oj1A' is selected.
09:52:33 INFO  : 'jtag frequency' command is executed.
09:52:33 INFO  : Sourcing of 'C:/Users/Samo/Desktop/tutorial-1/tutorial-1.sdk/design_1_wrapper_hw_platform_0/ps7_init.tcl' is done.
09:52:33 INFO  : Context for 'APU' is selected.
09:52:33 INFO  : System reset is completed.
09:52:36 INFO  : 'after 3000' command is executed.
09:52:36 INFO  : 'targets -set -filter {jtag_cable_name =~ "Avnet MiniZed V1 1234-oj1A" && level==0} -index 1' command is executed.
09:52:38 INFO  : FPGA configured successfully with bitstream "C:/Users/Samo/Desktop/tutorial-1/tutorial-1.sdk/design_1_wrapper_hw_platform_0/design_1_wrapper.bit"
09:52:38 INFO  : Context for 'APU' is selected.
09:52:38 INFO  : Hardware design information is loaded from 'C:/Users/Samo/Desktop/tutorial-1/tutorial-1.sdk/design_1_wrapper_hw_platform_0/system.hdf'.
09:52:38 INFO  : 'configparams force-mem-access 1' command is executed.
09:52:38 INFO  : Context for 'APU' is selected.
09:52:39 INFO  : 'ps7_init' command is executed.
09:52:40 INFO  : 'ps7_post_config' command is executed.
09:52:40 INFO  : 'configparams force-mem-access 0' command is executed.
09:52:40 INFO  : ----------------XSDB Script----------------
connect -url tcp:127.0.0.1:3121
source C:/Users/Samo/Desktop/tutorial-1/tutorial-1.sdk/design_1_wrapper_hw_platform_0/ps7_init.tcl
targets -set -nocase -filter {name =~"APU*" && jtag_cable_name =~ "Avnet MiniZed V1 1234-oj1A"} -index 0
rst -system
after 3000
targets -set -filter {jtag_cable_name =~ "Avnet MiniZed V1 1234-oj1A" && level==0} -index 1
fpga -file C:/Users/Samo/Desktop/tutorial-1/tutorial-1.sdk/design_1_wrapper_hw_platform_0/design_1_wrapper.bit
targets -set -nocase -filter {name =~"APU*" && jtag_cable_name =~ "Avnet MiniZed V1 1234-oj1A"} -index 0
loadhw -hw C:/Users/Samo/Desktop/tutorial-1/tutorial-1.sdk/design_1_wrapper_hw_platform_0/system.hdf -mem-ranges [list {0x40000000 0xbfffffff}]
configparams force-mem-access 1
targets -set -nocase -filter {name =~"APU*" && jtag_cable_name =~ "Avnet MiniZed V1 1234-oj1A"} -index 0
ps7_init
ps7_post_config
configparams force-mem-access 0
----------------End of Script----------------

09:52:40 INFO  : Memory regions updated for context APU
09:52:40 INFO  : Launch script is exported to file 'C:\Users\Samo\Desktop\tutorial-1\tutorial-1.sdk\.sdk\launch_scripts\xilinx_c-c++_application_(system_debugger)\system_debugger_on_local.tcl'
09:59:44 INFO  : Disconnected from the channel tcfchan#7.
22:57:48 INFO  : Registering command handlers for SDK TCF services
22:57:48 INFO  : Launching XSCT server: xsct.bat -interactive C:\Users\Samo\Desktop\tutorial-1\tutorial-1.sdk\temp_xsdb_launch_script.tcl
22:57:50 INFO  : XSCT server has started successfully.
22:57:50 INFO  : Successfully done setting XSCT server connection channel  
22:57:51 INFO  : Successfully done setting SDK workspace  
22:57:51 INFO  : Processing command line option -hwspec C:/Users/Samo/Desktop/tutorial-1/tutorial-1.sdk/design_1_wrapper.hdf.
22:57:51 INFO  : Checking for hwspec changes in the project design_1_wrapper_hw_platform_1.
23:04:18 INFO  : Example project new-toutorial-1_bsp_xgpiops_polled_example_1 has been created successfully.
23:08:23 INFO  : Connected to target on host '127.0.0.1' and port '3121'.
23:08:32 INFO  : Connected to target on host '127.0.0.1' and port '3121'.
23:08:32 INFO  : Jtag cable 'Avnet MiniZed V1 1234-oj1A' is selected.
23:08:32 INFO  : 'jtag frequency' command is executed.
23:08:32 INFO  : Sourcing of 'C:/Users/Samo/Desktop/tutorial-1/tutorial-1.sdk/design_1_wrapper_hw_platform_0/ps7_init.tcl' is done.
23:08:32 INFO  : Context for 'APU' is selected.
23:08:33 INFO  : System reset is completed.
23:08:36 INFO  : 'after 3000' command is executed.
23:08:36 INFO  : 'targets -set -filter {jtag_cable_name =~ "Avnet MiniZed V1 1234-oj1A" && level==0} -index 1' command is executed.
23:08:37 INFO  : FPGA configured successfully with bitstream "C:/Users/Samo/Desktop/tutorial-1/tutorial-1.sdk/design_1_wrapper_hw_platform_0/design_1_wrapper.bit"
23:08:37 INFO  : Context for 'APU' is selected.
23:08:37 INFO  : Hardware design information is loaded from 'C:/Users/Samo/Desktop/tutorial-1/tutorial-1.sdk/design_1_wrapper_hw_platform_0/system.hdf'.
23:08:37 INFO  : 'configparams force-mem-access 1' command is executed.
23:08:37 INFO  : Context for 'APU' is selected.
23:08:37 INFO  : 'ps7_init' command is executed.
23:08:37 INFO  : 'ps7_post_config' command is executed.
23:08:38 INFO  : Context for processor 'ps7_cortexa9_0' is selected.
23:08:38 INFO  : The application 'C:/Users/Samo/Desktop/tutorial-1/tutorial-1.sdk/new-toutorial-1/Debug/new-toutorial-1.elf' is downloaded to processor 'ps7_cortexa9_0'.
23:08:38 INFO  : 'configparams force-mem-access 0' command is executed.
23:08:38 INFO  : ----------------XSDB Script----------------
connect -url tcp:127.0.0.1:3121
source C:/Users/Samo/Desktop/tutorial-1/tutorial-1.sdk/design_1_wrapper_hw_platform_0/ps7_init.tcl
targets -set -nocase -filter {name =~"APU*" && jtag_cable_name =~ "Avnet MiniZed V1 1234-oj1A"} -index 0
rst -system
after 3000
targets -set -filter {jtag_cable_name =~ "Avnet MiniZed V1 1234-oj1A" && level==0} -index 1
fpga -file C:/Users/Samo/Desktop/tutorial-1/tutorial-1.sdk/design_1_wrapper_hw_platform_0/design_1_wrapper.bit
targets -set -nocase -filter {name =~"APU*" && jtag_cable_name =~ "Avnet MiniZed V1 1234-oj1A"} -index 0
loadhw -hw C:/Users/Samo/Desktop/tutorial-1/tutorial-1.sdk/design_1_wrapper_hw_platform_0/system.hdf -mem-ranges [list {0x40000000 0xbfffffff}]
configparams force-mem-access 1
targets -set -nocase -filter {name =~"APU*" && jtag_cable_name =~ "Avnet MiniZed V1 1234-oj1A"} -index 0
ps7_init
ps7_post_config
targets -set -nocase -filter {name =~ "ARM*#0" && jtag_cable_name =~ "Avnet MiniZed V1 1234-oj1A"} -index 0
dow C:/Users/Samo/Desktop/tutorial-1/tutorial-1.sdk/new-toutorial-1/Debug/new-toutorial-1.elf
configparams force-mem-access 0
----------------End of Script----------------

23:08:38 INFO  : Memory regions updated for context APU
23:08:38 INFO  : Context for processor 'ps7_cortexa9_0' is selected.
23:08:38 INFO  : 'con' command is executed.
23:08:38 INFO  : ----------------XSDB Script (After Launch)----------------
targets -set -nocase -filter {name =~ "ARM*#0" && jtag_cable_name =~ "Avnet MiniZed V1 1234-oj1A"} -index 0
con
----------------End of Script----------------

23:08:38 INFO  : Launch script is exported to file 'C:\Users\Samo\Desktop\tutorial-1\tutorial-1.sdk\.sdk\launch_scripts\xilinx_c-c++_application_(system_debugger)\system_debugger_on_local.tcl'
23:15:27 INFO  : Disconnected from the channel tcfchan#1.
23:15:28 INFO  : Connected to target on host '127.0.0.1' and port '3121'.
23:15:29 INFO  : Jtag cable 'Avnet MiniZed V1 1234-oj1A' is selected.
23:15:29 INFO  : 'jtag frequency' command is executed.
23:15:29 INFO  : Sourcing of 'C:/Users/Samo/Desktop/tutorial-1/tutorial-1.sdk/design_1_wrapper_hw_platform_0/ps7_init.tcl' is done.
23:15:29 INFO  : Context for 'APU' is selected.
23:15:29 INFO  : System reset is completed.
23:15:32 INFO  : 'after 3000' command is executed.
23:15:32 INFO  : 'targets -set -filter {jtag_cable_name =~ "Avnet MiniZed V1 1234-oj1A" && level==0} -index 1' command is executed.
23:15:33 INFO  : FPGA configured successfully with bitstream "C:/Users/Samo/Desktop/tutorial-1/tutorial-1.sdk/design_1_wrapper_hw_platform_0/design_1_wrapper.bit"
23:15:33 INFO  : Context for 'APU' is selected.
23:15:35 INFO  : Hardware design information is loaded from 'C:/Users/Samo/Desktop/tutorial-1/tutorial-1.sdk/design_1_wrapper_hw_platform_0/system.hdf'.
23:15:35 INFO  : 'configparams force-mem-access 1' command is executed.
23:15:35 INFO  : Context for 'APU' is selected.
23:15:36 INFO  : 'ps7_init' command is executed.
23:15:36 INFO  : 'ps7_post_config' command is executed.
23:15:36 INFO  : Context for processor 'ps7_cortexa9_0' is selected.
23:15:36 INFO  : The application 'C:/Users/Samo/Desktop/tutorial-1/tutorial-1.sdk/new-toutorial-1/Debug/new-toutorial-1.elf' is downloaded to processor 'ps7_cortexa9_0'.
23:15:36 INFO  : 'configparams force-mem-access 0' command is executed.
23:15:36 INFO  : ----------------XSDB Script----------------
connect -url tcp:127.0.0.1:3121
source C:/Users/Samo/Desktop/tutorial-1/tutorial-1.sdk/design_1_wrapper_hw_platform_0/ps7_init.tcl
targets -set -nocase -filter {name =~"APU*" && jtag_cable_name =~ "Avnet MiniZed V1 1234-oj1A"} -index 0
rst -system
after 3000
targets -set -filter {jtag_cable_name =~ "Avnet MiniZed V1 1234-oj1A" && level==0} -index 1
fpga -file C:/Users/Samo/Desktop/tutorial-1/tutorial-1.sdk/design_1_wrapper_hw_platform_0/design_1_wrapper.bit
targets -set -nocase -filter {name =~"APU*" && jtag_cable_name =~ "Avnet MiniZed V1 1234-oj1A"} -index 0
loadhw -hw C:/Users/Samo/Desktop/tutorial-1/tutorial-1.sdk/design_1_wrapper_hw_platform_0/system.hdf -mem-ranges [list {0x40000000 0xbfffffff}]
configparams force-mem-access 1
targets -set -nocase -filter {name =~"APU*" && jtag_cable_name =~ "Avnet MiniZed V1 1234-oj1A"} -index 0
ps7_init
ps7_post_config
targets -set -nocase -filter {name =~ "ARM*#0" && jtag_cable_name =~ "Avnet MiniZed V1 1234-oj1A"} -index 0
dow C:/Users/Samo/Desktop/tutorial-1/tutorial-1.sdk/new-toutorial-1/Debug/new-toutorial-1.elf
configparams force-mem-access 0
----------------End of Script----------------

23:15:36 INFO  : Memory regions updated for context APU
23:15:36 INFO  : Context for processor 'ps7_cortexa9_0' is selected.
23:15:36 INFO  : 'con' command is executed.
23:15:36 INFO  : ----------------XSDB Script (After Launch)----------------
targets -set -nocase -filter {name =~ "ARM*#0" && jtag_cable_name =~ "Avnet MiniZed V1 1234-oj1A"} -index 0
con
----------------End of Script----------------

23:15:36 INFO  : Launch script is exported to file 'C:\Users\Samo\Desktop\tutorial-1\tutorial-1.sdk\.sdk\launch_scripts\xilinx_c-c++_application_(system_debugger)\system_debugger_on_local.tcl'
23:16:57 INFO  : Refreshed build settings on project new-toutorial-1
23:16:57 INFO  : Refreshed build settings on project new-toutorial-1_bsp_xgpiops_polled_example_1
23:17:54 INFO  : Disconnected from the channel tcfchan#2.
23:17:55 INFO  : Connected to target on host '127.0.0.1' and port '3121'.
23:17:55 INFO  : Jtag cable 'Avnet MiniZed V1 1234-oj1A' is selected.
23:17:55 INFO  : 'jtag frequency' command is executed.
23:17:55 INFO  : Sourcing of 'C:/Users/Samo/Desktop/tutorial-1/tutorial-1.sdk/design_1_wrapper_hw_platform_0/ps7_init.tcl' is done.
23:17:55 INFO  : Context for 'APU' is selected.
23:17:56 INFO  : System reset is completed.
23:17:59 INFO  : 'after 3000' command is executed.
23:17:59 INFO  : 'targets -set -filter {jtag_cable_name =~ "Avnet MiniZed V1 1234-oj1A" && level==0} -index 1' command is executed.
23:18:00 INFO  : FPGA configured successfully with bitstream "C:/Users/Samo/Desktop/tutorial-1/tutorial-1.sdk/design_1_wrapper_hw_platform_0/design_1_wrapper.bit"
23:18:00 INFO  : Context for 'APU' is selected.
23:18:00 INFO  : Hardware design information is loaded from 'C:/Users/Samo/Desktop/tutorial-1/tutorial-1.sdk/design_1_wrapper_hw_platform_0/system.hdf'.
23:18:00 INFO  : 'configparams force-mem-access 1' command is executed.
23:18:00 INFO  : Context for 'APU' is selected.
23:18:00 INFO  : 'ps7_init' command is executed.
23:18:00 INFO  : 'ps7_post_config' command is executed.
23:18:00 INFO  : Context for processor 'ps7_cortexa9_0' is selected.
23:18:01 INFO  : The application 'C:/Users/Samo/Desktop/tutorial-1/tutorial-1.sdk/new-toutorial-1/Debug/new-toutorial-1.elf' is downloaded to processor 'ps7_cortexa9_0'.
23:18:01 INFO  : 'configparams force-mem-access 0' command is executed.
23:18:01 INFO  : ----------------XSDB Script----------------
connect -url tcp:127.0.0.1:3121
source C:/Users/Samo/Desktop/tutorial-1/tutorial-1.sdk/design_1_wrapper_hw_platform_0/ps7_init.tcl
targets -set -nocase -filter {name =~"APU*" && jtag_cable_name =~ "Avnet MiniZed V1 1234-oj1A"} -index 0
rst -system
after 3000
targets -set -filter {jtag_cable_name =~ "Avnet MiniZed V1 1234-oj1A" && level==0} -index 1
fpga -file C:/Users/Samo/Desktop/tutorial-1/tutorial-1.sdk/design_1_wrapper_hw_platform_0/design_1_wrapper.bit
targets -set -nocase -filter {name =~"APU*" && jtag_cable_name =~ "Avnet MiniZed V1 1234-oj1A"} -index 0
loadhw -hw C:/Users/Samo/Desktop/tutorial-1/tutorial-1.sdk/design_1_wrapper_hw_platform_0/system.hdf -mem-ranges [list {0x40000000 0xbfffffff}]
configparams force-mem-access 1
targets -set -nocase -filter {name =~"APU*" && jtag_cable_name =~ "Avnet MiniZed V1 1234-oj1A"} -index 0
ps7_init
ps7_post_config
targets -set -nocase -filter {name =~ "ARM*#0" && jtag_cable_name =~ "Avnet MiniZed V1 1234-oj1A"} -index 0
dow C:/Users/Samo/Desktop/tutorial-1/tutorial-1.sdk/new-toutorial-1/Debug/new-toutorial-1.elf
configparams force-mem-access 0
----------------End of Script----------------

23:18:01 INFO  : Memory regions updated for context APU
23:18:01 INFO  : Context for processor 'ps7_cortexa9_0' is selected.
23:18:01 INFO  : 'con' command is executed.
23:18:01 INFO  : ----------------XSDB Script (After Launch)----------------
targets -set -nocase -filter {name =~ "ARM*#0" && jtag_cable_name =~ "Avnet MiniZed V1 1234-oj1A"} -index 0
con
----------------End of Script----------------

23:18:01 INFO  : Launch script is exported to file 'C:\Users\Samo\Desktop\tutorial-1\tutorial-1.sdk\.sdk\launch_scripts\xilinx_c-c++_application_(system_debugger)\system_debugger_on_local.tcl'
23:33:46 INFO  : Disconnected from the channel tcfchan#3.
23:33:47 INFO  : Connected to target on host '127.0.0.1' and port '3121'.
23:33:47 INFO  : Jtag cable 'Avnet MiniZed V1 1234-oj1A' is selected.
23:33:47 INFO  : 'jtag frequency' command is executed.
23:33:47 INFO  : Sourcing of 'C:/Users/Samo/Desktop/tutorial-1/tutorial-1.sdk/design_1_wrapper_hw_platform_0/ps7_init.tcl' is done.
23:33:47 INFO  : Context for 'APU' is selected.
23:33:48 INFO  : System reset is completed.
23:33:51 INFO  : 'after 3000' command is executed.
23:33:51 INFO  : 'targets -set -filter {jtag_cable_name =~ "Avnet MiniZed V1 1234-oj1A" && level==0} -index 1' command is executed.
23:33:52 INFO  : FPGA configured successfully with bitstream "C:/Users/Samo/Desktop/tutorial-1/tutorial-1.sdk/design_1_wrapper_hw_platform_0/design_1_wrapper.bit"
23:33:52 INFO  : Context for 'APU' is selected.
23:33:52 INFO  : Hardware design information is loaded from 'C:/Users/Samo/Desktop/tutorial-1/tutorial-1.sdk/design_1_wrapper_hw_platform_0/system.hdf'.
23:33:52 INFO  : 'configparams force-mem-access 1' command is executed.
23:33:52 INFO  : Context for 'APU' is selected.
23:33:52 INFO  : 'ps7_init' command is executed.
23:33:52 INFO  : 'ps7_post_config' command is executed.
23:33:53 INFO  : Context for processor 'ps7_cortexa9_0' is selected.
23:33:53 INFO  : The application 'C:/Users/Samo/Desktop/tutorial-1/tutorial-1.sdk/new-toutorial-1/Debug/new-toutorial-1.elf' is downloaded to processor 'ps7_cortexa9_0'.
23:33:53 INFO  : 'configparams force-mem-access 0' command is executed.
23:33:53 INFO  : ----------------XSDB Script----------------
connect -url tcp:127.0.0.1:3121
source C:/Users/Samo/Desktop/tutorial-1/tutorial-1.sdk/design_1_wrapper_hw_platform_0/ps7_init.tcl
targets -set -nocase -filter {name =~"APU*" && jtag_cable_name =~ "Avnet MiniZed V1 1234-oj1A"} -index 0
rst -system
after 3000
targets -set -filter {jtag_cable_name =~ "Avnet MiniZed V1 1234-oj1A" && level==0} -index 1
fpga -file C:/Users/Samo/Desktop/tutorial-1/tutorial-1.sdk/design_1_wrapper_hw_platform_0/design_1_wrapper.bit
targets -set -nocase -filter {name =~"APU*" && jtag_cable_name =~ "Avnet MiniZed V1 1234-oj1A"} -index 0
loadhw -hw C:/Users/Samo/Desktop/tutorial-1/tutorial-1.sdk/design_1_wrapper_hw_platform_0/system.hdf -mem-ranges [list {0x40000000 0xbfffffff}]
configparams force-mem-access 1
targets -set -nocase -filter {name =~"APU*" && jtag_cable_name =~ "Avnet MiniZed V1 1234-oj1A"} -index 0
ps7_init
ps7_post_config
targets -set -nocase -filter {name =~ "ARM*#0" && jtag_cable_name =~ "Avnet MiniZed V1 1234-oj1A"} -index 0
dow C:/Users/Samo/Desktop/tutorial-1/tutorial-1.sdk/new-toutorial-1/Debug/new-toutorial-1.elf
configparams force-mem-access 0
----------------End of Script----------------

23:33:53 INFO  : Memory regions updated for context APU
23:33:53 INFO  : Context for processor 'ps7_cortexa9_0' is selected.
23:33:53 INFO  : 'con' command is executed.
23:33:53 INFO  : ----------------XSDB Script (After Launch)----------------
targets -set -nocase -filter {name =~ "ARM*#0" && jtag_cable_name =~ "Avnet MiniZed V1 1234-oj1A"} -index 0
con
----------------End of Script----------------

23:33:53 INFO  : Launch script is exported to file 'C:\Users\Samo\Desktop\tutorial-1\tutorial-1.sdk\.sdk\launch_scripts\xilinx_c-c++_application_(system_debugger)\system_debugger_on_local.tcl'
23:35:06 INFO  : Disconnected from the channel tcfchan#4.
23:56:47 INFO  : Connected to target on host '127.0.0.1' and port '3121'.
23:56:48 INFO  : 'targets -set -filter {jtag_cable_name =~ "Avnet MiniZed V1 1234-oj1A" && level==0} -index 1' command is executed.
23:56:49 INFO  : FPGA configured successfully with bitstream "C:/Users/Samo/Desktop/tutorial-1/tutorial-1.sdk/design_1_wrapper_hw_platform_0/design_1_wrapper.bit"
23:57:20 INFO  : 'targets -set -filter {jtag_cable_name =~ "Avnet MiniZed V1 1234-oj1A" && level==0} -index 1' command is executed.
23:57:20 INFO  : 'fpga -state' command is executed.
23:57:20 INFO  : Connected to target on host '127.0.0.1' and port '3121'.
23:57:20 INFO  : Jtag cable 'Avnet MiniZed V1 1234-oj1A' is selected.
23:57:20 INFO  : 'jtag frequency' command is executed.
23:57:20 INFO  : Sourcing of 'C:/Users/Samo/Desktop/tutorial-1/tutorial-1.sdk/design_1_wrapper_hw_platform_0/ps7_init.tcl' is done.
23:57:21 INFO  : Context for 'APU' is selected.
23:57:21 INFO  : Hardware design information is loaded from 'C:/Users/Samo/Desktop/tutorial-1/tutorial-1.sdk/design_1_wrapper_hw_platform_0/system.hdf'.
23:57:21 INFO  : 'configparams force-mem-access 1' command is executed.
23:57:21 INFO  : Context for 'APU' is selected.
23:57:21 INFO  : 'stop' command is executed.
23:57:21 INFO  : 'ps7_init' command is executed.
23:57:21 INFO  : 'ps7_post_config' command is executed.
23:57:21 INFO  : 'configparams force-mem-access 0' command is executed.
23:57:21 INFO  : ----------------XSDB Script----------------
connect -url tcp:127.0.0.1:3121
source C:/Users/Samo/Desktop/tutorial-1/tutorial-1.sdk/design_1_wrapper_hw_platform_0/ps7_init.tcl
targets -set -nocase -filter {name =~"APU*" && jtag_cable_name =~ "Avnet MiniZed V1 1234-oj1A"} -index 0
loadhw -hw C:/Users/Samo/Desktop/tutorial-1/tutorial-1.sdk/design_1_wrapper_hw_platform_0/system.hdf -mem-ranges [list {0x40000000 0xbfffffff}]
configparams force-mem-access 1
targets -set -nocase -filter {name =~"APU*" && jtag_cable_name =~ "Avnet MiniZed V1 1234-oj1A"} -index 0
stop
ps7_init
ps7_post_config
configparams force-mem-access 0
----------------End of Script----------------

23:57:21 INFO  : Memory regions updated for context APU
23:57:21 INFO  : Launch script is exported to file 'C:\Users\Samo\Desktop\tutorial-1\tutorial-1.sdk\.sdk\launch_scripts\xilinx_c-c++_application_(system_debugger)\system_debugger_using_debug_project-emenist-on-ps.elf_on_local.tcl'
23:57:56 INFO  : Disconnected from the channel tcfchan#5.
22:00:06 INFO  : 'targets -set -filter {jtag_cable_name =~ "Avnet MiniZed V1 1234-oj1A" && level==0} -index 1' command is executed.
22:00:06 INFO  : 'fpga -state' command is executed.
22:00:06 INFO  : Connected to target on host '127.0.0.1' and port '3121'.
22:00:07 INFO  : Jtag cable 'Avnet MiniZed V1 1234-oj1A' is selected.
22:00:07 INFO  : 'jtag frequency' command is executed.
22:00:07 INFO  : Sourcing of 'C:/Users/Samo/Desktop/tutorial-1/tutorial-1.sdk/design_1_wrapper_hw_platform_0/ps7_init.tcl' is done.
22:00:07 INFO  : Context for 'APU' is selected.
22:00:07 INFO  : Hardware design information is loaded from 'C:/Users/Samo/Desktop/tutorial-1/tutorial-1.sdk/design_1_wrapper_hw_platform_0/system.hdf'.
22:00:07 INFO  : 'configparams force-mem-access 1' command is executed.
22:00:07 INFO  : Context for 'APU' is selected.
22:00:07 INFO  : 'stop' command is executed.
22:00:07 INFO  : 'ps7_init' command is executed.
22:00:07 INFO  : 'ps7_post_config' command is executed.
22:00:07 INFO  : Context for processor 'ps7_cortexa9_0' is selected.
22:00:07 INFO  : Processor reset is completed for 'ps7_cortexa9_0'.
22:00:07 INFO  : Context for processor 'ps7_cortexa9_0' is selected.
22:00:08 INFO  : The application 'C:/Users/Samo/Desktop/tutorial-1/tutorial-1.sdk/project-emenist-on-ps/Debug/project-emenist-on-ps.elf' is downloaded to processor 'ps7_cortexa9_0'.
22:00:08 INFO  : 'configparams force-mem-access 0' command is executed.
22:00:08 INFO  : ----------------XSDB Script----------------
connect -url tcp:127.0.0.1:3121
source C:/Users/Samo/Desktop/tutorial-1/tutorial-1.sdk/design_1_wrapper_hw_platform_0/ps7_init.tcl
targets -set -nocase -filter {name =~"APU*" && jtag_cable_name =~ "Avnet MiniZed V1 1234-oj1A"} -index 0
loadhw -hw C:/Users/Samo/Desktop/tutorial-1/tutorial-1.sdk/design_1_wrapper_hw_platform_0/system.hdf -mem-ranges [list {0x40000000 0xbfffffff}]
configparams force-mem-access 1
targets -set -nocase -filter {name =~"APU*" && jtag_cable_name =~ "Avnet MiniZed V1 1234-oj1A"} -index 0
stop
ps7_init
ps7_post_config
targets -set -nocase -filter {name =~ "ARM*#0" && jtag_cable_name =~ "Avnet MiniZed V1 1234-oj1A"} -index 0
rst -processor
targets -set -nocase -filter {name =~ "ARM*#0" && jtag_cable_name =~ "Avnet MiniZed V1 1234-oj1A"} -index 0
dow C:/Users/Samo/Desktop/tutorial-1/tutorial-1.sdk/project-emenist-on-ps/Debug/project-emenist-on-ps.elf
configparams force-mem-access 0
----------------End of Script----------------

22:00:08 INFO  : Memory regions updated for context APU
22:00:08 INFO  : Context for processor 'ps7_cortexa9_0' is selected.
22:00:08 INFO  : 'con' command is executed.
22:00:08 INFO  : ----------------XSDB Script (After Launch)----------------
targets -set -nocase -filter {name =~ "ARM*#0" && jtag_cable_name =~ "Avnet MiniZed V1 1234-oj1A"} -index 0
con
----------------End of Script----------------

22:00:08 INFO  : Launch script is exported to file 'C:\Users\Samo\Desktop\tutorial-1\tutorial-1.sdk\.sdk\launch_scripts\xilinx_c-c++_application_(system_debugger)\system_debugger_using_debug_project-emenist-on-ps.elf_on_local.tcl'
22:00:26 INFO  : Disconnected from the channel tcfchan#6.
22:00:27 INFO  : 'targets -set -filter {jtag_cable_name =~ "Avnet MiniZed V1 1234-oj1A" && level==0} -index 1' command is executed.
22:00:27 INFO  : 'fpga -state' command is executed.
22:00:27 INFO  : Connected to target on host '127.0.0.1' and port '3121'.
22:00:28 INFO  : Jtag cable 'Avnet MiniZed V1 1234-oj1A' is selected.
22:00:28 INFO  : 'jtag frequency' command is executed.
22:00:28 INFO  : Sourcing of 'C:/Users/Samo/Desktop/tutorial-1/tutorial-1.sdk/design_1_wrapper_hw_platform_0/ps7_init.tcl' is done.
22:00:28 INFO  : Context for 'APU' is selected.
22:00:28 INFO  : Hardware design information is loaded from 'C:/Users/Samo/Desktop/tutorial-1/tutorial-1.sdk/design_1_wrapper_hw_platform_0/system.hdf'.
22:00:28 INFO  : 'configparams force-mem-access 1' command is executed.
22:00:28 INFO  : Context for 'APU' is selected.
22:00:28 INFO  : 'stop' command is executed.
22:00:28 INFO  : 'ps7_init' command is executed.
22:00:28 INFO  : 'ps7_post_config' command is executed.
22:00:28 INFO  : Context for processor 'ps7_cortexa9_0' is selected.
22:00:28 INFO  : Processor reset is completed for 'ps7_cortexa9_0'.
22:00:29 INFO  : Context for processor 'ps7_cortexa9_0' is selected.
22:00:29 INFO  : The application 'C:/Users/Samo/Desktop/tutorial-1/tutorial-1.sdk/project-emenist-on-ps/Debug/project-emenist-on-ps.elf' is downloaded to processor 'ps7_cortexa9_0'.
22:00:29 INFO  : 'configparams force-mem-access 0' command is executed.
22:00:29 INFO  : ----------------XSDB Script----------------
connect -url tcp:127.0.0.1:3121
source C:/Users/Samo/Desktop/tutorial-1/tutorial-1.sdk/design_1_wrapper_hw_platform_0/ps7_init.tcl
targets -set -nocase -filter {name =~"APU*" && jtag_cable_name =~ "Avnet MiniZed V1 1234-oj1A"} -index 0
loadhw -hw C:/Users/Samo/Desktop/tutorial-1/tutorial-1.sdk/design_1_wrapper_hw_platform_0/system.hdf -mem-ranges [list {0x40000000 0xbfffffff}]
configparams force-mem-access 1
targets -set -nocase -filter {name =~"APU*" && jtag_cable_name =~ "Avnet MiniZed V1 1234-oj1A"} -index 0
stop
ps7_init
ps7_post_config
targets -set -nocase -filter {name =~ "ARM*#0" && jtag_cable_name =~ "Avnet MiniZed V1 1234-oj1A"} -index 0
rst -processor
targets -set -nocase -filter {name =~ "ARM*#0" && jtag_cable_name =~ "Avnet MiniZed V1 1234-oj1A"} -index 0
dow C:/Users/Samo/Desktop/tutorial-1/tutorial-1.sdk/project-emenist-on-ps/Debug/project-emenist-on-ps.elf
configparams force-mem-access 0
----------------End of Script----------------

22:00:29 INFO  : Memory regions updated for context APU
22:00:29 INFO  : Context for processor 'ps7_cortexa9_0' is selected.
22:00:29 INFO  : 'con' command is executed.
22:00:29 INFO  : ----------------XSDB Script (After Launch)----------------
targets -set -nocase -filter {name =~ "ARM*#0" && jtag_cable_name =~ "Avnet MiniZed V1 1234-oj1A"} -index 0
con
----------------End of Script----------------

22:00:29 INFO  : Launch script is exported to file 'C:\Users\Samo\Desktop\tutorial-1\tutorial-1.sdk\.sdk\launch_scripts\xilinx_c-c++_application_(system_debugger)\system_debugger_using_debug_project-emenist-on-ps.elf_on_local.tcl'
22:06:19 INFO  : Disconnected from the channel tcfchan#7.
22:06:20 INFO  : Connected to target on host '127.0.0.1' and port '3121'.
22:06:21 INFO  : Jtag cable 'Avnet MiniZed V1 1234-oj1A' is selected.
22:06:21 INFO  : 'jtag frequency' command is executed.
22:06:21 INFO  : Sourcing of 'C:/Users/Samo/Desktop/tutorial-1/tutorial-1.sdk/design_1_wrapper_hw_platform_0/ps7_init.tcl' is done.
22:06:21 INFO  : 'targets -set -filter {jtag_cable_name =~ "Avnet MiniZed V1 1234-oj1A" && level==0} -index 1' command is executed.
22:06:22 INFO  : FPGA configured successfully with bitstream "C:/Users/Samo/Desktop/tutorial-1/tutorial-1.sdk/design_1_wrapper_hw_platform_0/design_1_wrapper.bit"
22:06:22 INFO  : Context for 'APU' is selected.
22:06:22 INFO  : Hardware design information is loaded from 'C:/Users/Samo/Desktop/tutorial-1/tutorial-1.sdk/design_1_wrapper_hw_platform_0/system.hdf'.
22:06:22 INFO  : 'configparams force-mem-access 1' command is executed.
22:06:22 INFO  : Context for 'APU' is selected.
22:06:22 INFO  : 'stop' command is executed.
22:06:23 INFO  : 'ps7_init' command is executed.
22:06:23 INFO  : 'ps7_post_config' command is executed.
22:06:23 INFO  : Context for processor 'ps7_cortexa9_0' is selected.
22:06:23 INFO  : Processor reset is completed for 'ps7_cortexa9_0'.
22:06:23 INFO  : Context for processor 'ps7_cortexa9_0' is selected.
22:06:23 INFO  : The application 'C:/Users/Samo/Desktop/tutorial-1/tutorial-1.sdk/project-emenist-on-ps/Debug/project-emenist-on-ps.elf' is downloaded to processor 'ps7_cortexa9_0'.
22:06:23 INFO  : 'configparams force-mem-access 0' command is executed.
22:06:23 INFO  : ----------------XSDB Script----------------
connect -url tcp:127.0.0.1:3121
source C:/Users/Samo/Desktop/tutorial-1/tutorial-1.sdk/design_1_wrapper_hw_platform_0/ps7_init.tcl
targets -set -filter {jtag_cable_name =~ "Avnet MiniZed V1 1234-oj1A" && level==0} -index 1
fpga -file C:/Users/Samo/Desktop/tutorial-1/tutorial-1.sdk/design_1_wrapper_hw_platform_0/design_1_wrapper.bit
targets -set -nocase -filter {name =~"APU*" && jtag_cable_name =~ "Avnet MiniZed V1 1234-oj1A"} -index 0
loadhw -hw C:/Users/Samo/Desktop/tutorial-1/tutorial-1.sdk/design_1_wrapper_hw_platform_0/system.hdf -mem-ranges [list {0x40000000 0xbfffffff}]
configparams force-mem-access 1
targets -set -nocase -filter {name =~"APU*" && jtag_cable_name =~ "Avnet MiniZed V1 1234-oj1A"} -index 0
stop
ps7_init
ps7_post_config
targets -set -nocase -filter {name =~ "ARM*#0" && jtag_cable_name =~ "Avnet MiniZed V1 1234-oj1A"} -index 0
rst -processor
targets -set -nocase -filter {name =~ "ARM*#0" && jtag_cable_name =~ "Avnet MiniZed V1 1234-oj1A"} -index 0
dow C:/Users/Samo/Desktop/tutorial-1/tutorial-1.sdk/project-emenist-on-ps/Debug/project-emenist-on-ps.elf
configparams force-mem-access 0
----------------End of Script----------------

22:06:23 INFO  : Memory regions updated for context APU
22:06:23 INFO  : Context for processor 'ps7_cortexa9_0' is selected.
22:06:23 INFO  : 'con' command is executed.
22:06:23 INFO  : ----------------XSDB Script (After Launch)----------------
targets -set -nocase -filter {name =~ "ARM*#0" && jtag_cable_name =~ "Avnet MiniZed V1 1234-oj1A"} -index 0
con
----------------End of Script----------------

22:06:23 INFO  : Launch script is exported to file 'C:\Users\Samo\Desktop\tutorial-1\tutorial-1.sdk\.sdk\launch_scripts\xilinx_c-c++_application_(system_debugger)\system_debugger_using_debug_project-emenist-on-ps.elf_on_local.tcl'
22:06:49 INFO  : Disconnected from the channel tcfchan#8.
22:06:50 INFO  : Connected to target on host '127.0.0.1' and port '3121'.
22:06:50 INFO  : Jtag cable 'Avnet MiniZed V1 1234-oj1A' is selected.
22:06:50 INFO  : 'jtag frequency' command is executed.
22:06:50 INFO  : Sourcing of 'C:/Users/Samo/Desktop/tutorial-1/tutorial-1.sdk/design_1_wrapper_hw_platform_0/ps7_init.tcl' is done.
22:06:51 INFO  : 'targets -set -filter {jtag_cable_name =~ "Avnet MiniZed V1 1234-oj1A" && level==0} -index 1' command is executed.
22:06:52 INFO  : FPGA configured successfully with bitstream "C:/Users/Samo/Desktop/tutorial-1/tutorial-1.sdk/design_1_wrapper_hw_platform_0/design_1_wrapper.bit"
22:06:52 INFO  : Context for 'APU' is selected.
22:06:52 INFO  : Hardware design information is loaded from 'C:/Users/Samo/Desktop/tutorial-1/tutorial-1.sdk/design_1_wrapper_hw_platform_0/system.hdf'.
22:06:52 INFO  : 'configparams force-mem-access 1' command is executed.
22:06:52 INFO  : Context for 'APU' is selected.
22:06:52 INFO  : 'stop' command is executed.
22:06:52 INFO  : 'ps7_init' command is executed.
22:06:52 INFO  : 'ps7_post_config' command is executed.
22:06:52 INFO  : Context for processor 'ps7_cortexa9_0' is selected.
22:06:52 INFO  : Processor reset is completed for 'ps7_cortexa9_0'.
22:06:52 INFO  : Context for processor 'ps7_cortexa9_0' is selected.
22:06:53 INFO  : The application 'C:/Users/Samo/Desktop/tutorial-1/tutorial-1.sdk/project-emenist-on-ps/Debug/project-emenist-on-ps.elf' is downloaded to processor 'ps7_cortexa9_0'.
22:06:53 INFO  : 'configparams force-mem-access 0' command is executed.
22:06:53 INFO  : ----------------XSDB Script----------------
connect -url tcp:127.0.0.1:3121
source C:/Users/Samo/Desktop/tutorial-1/tutorial-1.sdk/design_1_wrapper_hw_platform_0/ps7_init.tcl
targets -set -filter {jtag_cable_name =~ "Avnet MiniZed V1 1234-oj1A" && level==0} -index 1
fpga -file C:/Users/Samo/Desktop/tutorial-1/tutorial-1.sdk/design_1_wrapper_hw_platform_0/design_1_wrapper.bit
targets -set -nocase -filter {name =~"APU*" && jtag_cable_name =~ "Avnet MiniZed V1 1234-oj1A"} -index 0
loadhw -hw C:/Users/Samo/Desktop/tutorial-1/tutorial-1.sdk/design_1_wrapper_hw_platform_0/system.hdf -mem-ranges [list {0x40000000 0xbfffffff}]
configparams force-mem-access 1
targets -set -nocase -filter {name =~"APU*" && jtag_cable_name =~ "Avnet MiniZed V1 1234-oj1A"} -index 0
stop
ps7_init
ps7_post_config
targets -set -nocase -filter {name =~ "ARM*#0" && jtag_cable_name =~ "Avnet MiniZed V1 1234-oj1A"} -index 0
rst -processor
targets -set -nocase -filter {name =~ "ARM*#0" && jtag_cable_name =~ "Avnet MiniZed V1 1234-oj1A"} -index 0
dow C:/Users/Samo/Desktop/tutorial-1/tutorial-1.sdk/project-emenist-on-ps/Debug/project-emenist-on-ps.elf
configparams force-mem-access 0
----------------End of Script----------------

22:06:53 INFO  : Memory regions updated for context APU
22:06:53 INFO  : Context for processor 'ps7_cortexa9_0' is selected.
22:06:53 INFO  : 'con' command is executed.
22:06:53 INFO  : ----------------XSDB Script (After Launch)----------------
targets -set -nocase -filter {name =~ "ARM*#0" && jtag_cable_name =~ "Avnet MiniZed V1 1234-oj1A"} -index 0
con
----------------End of Script----------------

22:06:53 INFO  : Launch script is exported to file 'C:\Users\Samo\Desktop\tutorial-1\tutorial-1.sdk\.sdk\launch_scripts\xilinx_c-c++_application_(system_debugger)\system_debugger_using_debug_project-emenist-on-ps.elf_on_local.tcl'
22:08:47 INFO  : Disconnected from the channel tcfchan#9.
22:08:48 INFO  : Connected to target on host '127.0.0.1' and port '3121'.
22:08:48 INFO  : Jtag cable 'Avnet MiniZed V1 1234-oj1A' is selected.
22:08:48 INFO  : 'jtag frequency' command is executed.
22:08:48 INFO  : Sourcing of 'C:/Users/Samo/Desktop/tutorial-1/tutorial-1.sdk/design_1_wrapper_hw_platform_0/ps7_init.tcl' is done.
22:08:48 INFO  : 'targets -set -filter {jtag_cable_name =~ "Avnet MiniZed V1 1234-oj1A" && level==0} -index 1' command is executed.
22:08:49 INFO  : FPGA configured successfully with bitstream "C:/Users/Samo/Desktop/tutorial-1/tutorial-1.sdk/design_1_wrapper_hw_platform_0/design_1_wrapper.bit"
22:08:50 INFO  : Context for 'APU' is selected.
22:08:50 INFO  : Hardware design information is loaded from 'C:/Users/Samo/Desktop/tutorial-1/tutorial-1.sdk/design_1_wrapper_hw_platform_0/system.hdf'.
22:08:50 INFO  : 'configparams force-mem-access 1' command is executed.
22:08:50 INFO  : Context for 'APU' is selected.
22:08:50 INFO  : 'stop' command is executed.
22:08:50 INFO  : 'ps7_init' command is executed.
22:08:50 INFO  : 'ps7_post_config' command is executed.
22:08:50 INFO  : Context for processor 'ps7_cortexa9_0' is selected.
22:08:50 INFO  : Processor reset is completed for 'ps7_cortexa9_0'.
22:08:50 INFO  : Context for processor 'ps7_cortexa9_0' is selected.
22:08:51 INFO  : The application 'C:/Users/Samo/Desktop/tutorial-1/tutorial-1.sdk/project-emenist-on-ps/Debug/project-emenist-on-ps.elf' is downloaded to processor 'ps7_cortexa9_0'.
22:08:51 INFO  : 'configparams force-mem-access 0' command is executed.
22:08:51 INFO  : ----------------XSDB Script----------------
connect -url tcp:127.0.0.1:3121
source C:/Users/Samo/Desktop/tutorial-1/tutorial-1.sdk/design_1_wrapper_hw_platform_0/ps7_init.tcl
targets -set -filter {jtag_cable_name =~ "Avnet MiniZed V1 1234-oj1A" && level==0} -index 1
fpga -file C:/Users/Samo/Desktop/tutorial-1/tutorial-1.sdk/design_1_wrapper_hw_platform_0/design_1_wrapper.bit
targets -set -nocase -filter {name =~"APU*" && jtag_cable_name =~ "Avnet MiniZed V1 1234-oj1A"} -index 0
loadhw -hw C:/Users/Samo/Desktop/tutorial-1/tutorial-1.sdk/design_1_wrapper_hw_platform_0/system.hdf -mem-ranges [list {0x40000000 0xbfffffff}]
configparams force-mem-access 1
targets -set -nocase -filter {name =~"APU*" && jtag_cable_name =~ "Avnet MiniZed V1 1234-oj1A"} -index 0
stop
ps7_init
ps7_post_config
targets -set -nocase -filter {name =~ "ARM*#0" && jtag_cable_name =~ "Avnet MiniZed V1 1234-oj1A"} -index 0
rst -processor
targets -set -nocase -filter {name =~ "ARM*#0" && jtag_cable_name =~ "Avnet MiniZed V1 1234-oj1A"} -index 0
dow C:/Users/Samo/Desktop/tutorial-1/tutorial-1.sdk/project-emenist-on-ps/Debug/project-emenist-on-ps.elf
configparams force-mem-access 0
----------------End of Script----------------

22:08:51 INFO  : Memory regions updated for context APU
22:08:51 INFO  : Context for processor 'ps7_cortexa9_0' is selected.
22:08:51 INFO  : 'con' command is executed.
22:08:51 INFO  : ----------------XSDB Script (After Launch)----------------
targets -set -nocase -filter {name =~ "ARM*#0" && jtag_cable_name =~ "Avnet MiniZed V1 1234-oj1A"} -index 0
con
----------------End of Script----------------

22:08:51 INFO  : Launch script is exported to file 'C:\Users\Samo\Desktop\tutorial-1\tutorial-1.sdk\.sdk\launch_scripts\xilinx_c-c++_application_(system_debugger)\system_debugger_using_debug_project-emenist-on-ps.elf_on_local.tcl'
22:09:11 INFO  : Disconnected from the channel tcfchan#10.
22:09:12 INFO  : Connected to target on host '127.0.0.1' and port '3121'.
22:09:12 INFO  : Jtag cable 'Avnet MiniZed V1 1234-oj1A' is selected.
22:09:12 INFO  : 'jtag frequency' command is executed.
22:09:12 INFO  : Sourcing of 'C:/Users/Samo/Desktop/tutorial-1/tutorial-1.sdk/design_1_wrapper_hw_platform_0/ps7_init.tcl' is done.
22:09:12 INFO  : 'targets -set -filter {jtag_cable_name =~ "Avnet MiniZed V1 1234-oj1A" && level==0} -index 1' command is executed.
22:09:13 INFO  : FPGA configured successfully with bitstream "C:/Users/Samo/Desktop/tutorial-1/tutorial-1.sdk/design_1_wrapper_hw_platform_0/design_1_wrapper.bit"
22:09:13 INFO  : Connected to target on host '127.0.0.1' and port '3121'.
22:09:13 INFO  : Context for 'APU' is selected.
22:09:13 INFO  : Hardware design information is loaded from 'C:/Users/Samo/Desktop/tutorial-1/tutorial-1.sdk/design_1_wrapper_hw_platform_0/system.hdf'.
22:09:13 INFO  : 'configparams force-mem-access 1' command is executed.
22:09:13 INFO  : Context for 'APU' is selected.
22:09:13 INFO  : 'stop' command is executed.
22:09:14 INFO  : 'ps7_init' command is executed.
22:09:14 INFO  : 'ps7_post_config' command is executed.
22:09:14 INFO  : Context for processor 'ps7_cortexa9_0' is selected.
22:09:14 INFO  : Processor reset is completed for 'ps7_cortexa9_0'.
22:09:14 INFO  : Context for processor 'ps7_cortexa9_0' is selected.
22:09:15 INFO  : The application 'C:/Users/Samo/Desktop/tutorial-1/tutorial-1.sdk/project-emenist-on-ps/Debug/project-emenist-on-ps.elf' is downloaded to processor 'ps7_cortexa9_0'.
22:09:15 INFO  : Jtag cable 'Avnet MiniZed V1 1234-oj1A' is selected.
22:09:15 INFO  : 'configparams force-mem-access 0' command is executed.
22:09:15 INFO  : ----------------XSDB Script----------------
connect -url tcp:127.0.0.1:3121
source C:/Users/Samo/Desktop/tutorial-1/tutorial-1.sdk/design_1_wrapper_hw_platform_0/ps7_init.tcl
targets -set -filter {jtag_cable_name =~ "Avnet MiniZed V1 1234-oj1A" && level==0} -index 1
fpga -file C:/Users/Samo/Desktop/tutorial-1/tutorial-1.sdk/design_1_wrapper_hw_platform_0/design_1_wrapper.bit
targets -set -nocase -filter {name =~"APU*" && jtag_cable_name =~ "Avnet MiniZed V1 1234-oj1A"} -index 0
loadhw -hw C:/Users/Samo/Desktop/tutorial-1/tutorial-1.sdk/design_1_wrapper_hw_platform_0/system.hdf -mem-ranges [list {0x40000000 0xbfffffff}]
configparams force-mem-access 1
targets -set -nocase -filter {name =~"APU*" && jtag_cable_name =~ "Avnet MiniZed V1 1234-oj1A"} -index 0
stop
ps7_init
ps7_post_config
targets -set -nocase -filter {name =~ "ARM*#0" && jtag_cable_name =~ "Avnet MiniZed V1 1234-oj1A"} -index 0
rst -processor
targets -set -nocase -filter {name =~ "ARM*#0" && jtag_cable_name =~ "Avnet MiniZed V1 1234-oj1A"} -index 0
dow C:/Users/Samo/Desktop/tutorial-1/tutorial-1.sdk/project-emenist-on-ps/Debug/project-emenist-on-ps.elf
configparams force-mem-access 0
----------------End of Script----------------

22:09:15 INFO  : 'jtag frequency' command is executed.
22:09:15 INFO  : Sourcing of 'C:/Users/Samo/Desktop/tutorial-1/tutorial-1.sdk/design_1_wrapper_hw_platform_0/ps7_init.tcl' is done.
22:09:15 INFO  : Memory regions updated for context APU
22:09:15 INFO  : Context for processor 'ps7_cortexa9_0' is selected.
22:09:15 INFO  : 'con' command is executed.
22:09:15 INFO  : ----------------XSDB Script (After Launch)----------------
targets -set -nocase -filter {name =~ "ARM*#0" && jtag_cable_name =~ "Avnet MiniZed V1 1234-oj1A"} -index 0
con
----------------End of Script----------------

22:09:15 INFO  : Launch script is exported to file 'C:\Users\Samo\Desktop\tutorial-1\tutorial-1.sdk\.sdk\launch_scripts\xilinx_c-c++_application_(system_debugger)\system_debugger_using_debug_project-emenist-on-ps.elf_on_local.tcl'
22:09:15 INFO  : 'targets -set -filter {jtag_cable_name =~ "Avnet MiniZed V1 1234-oj1A" && level==0} -index 1' command is executed.
22:09:16 INFO  : FPGA configured successfully with bitstream "C:/Users/Samo/Desktop/tutorial-1/tutorial-1.sdk/design_1_wrapper_hw_platform_0/design_1_wrapper.bit"
22:09:16 INFO  : Context for 'APU' is selected.
22:09:16 INFO  : Hardware design information is loaded from 'C:/Users/Samo/Desktop/tutorial-1/tutorial-1.sdk/design_1_wrapper_hw_platform_0/system.hdf'.
22:09:16 INFO  : 'configparams force-mem-access 1' command is executed.
22:09:16 INFO  : Context for 'APU' is selected.
22:09:16 INFO  : 'stop' command is executed.
22:09:17 INFO  : 'ps7_init' command is executed.
22:09:17 INFO  : 'ps7_post_config' command is executed.
22:09:17 INFO  : Context for processor 'ps7_cortexa9_0' is selected.
22:09:17 INFO  : Processor reset is completed for 'ps7_cortexa9_0'.
22:09:17 INFO  : Context for processor 'ps7_cortexa9_0' is selected.
22:09:17 INFO  : The application 'C:/Users/Samo/Desktop/tutorial-1/tutorial-1.sdk/project-emenist-on-ps/Debug/project-emenist-on-ps.elf' is downloaded to processor 'ps7_cortexa9_0'.
22:09:17 INFO  : 'configparams force-mem-access 0' command is executed.
22:09:17 INFO  : ----------------XSDB Script----------------
connect -url tcp:127.0.0.1:3121
source C:/Users/Samo/Desktop/tutorial-1/tutorial-1.sdk/design_1_wrapper_hw_platform_0/ps7_init.tcl
targets -set -filter {jtag_cable_name =~ "Avnet MiniZed V1 1234-oj1A" && level==0} -index 1
fpga -file C:/Users/Samo/Desktop/tutorial-1/tutorial-1.sdk/design_1_wrapper_hw_platform_0/design_1_wrapper.bit
targets -set -nocase -filter {name =~"APU*" && jtag_cable_name =~ "Avnet MiniZed V1 1234-oj1A"} -index 0
loadhw -hw C:/Users/Samo/Desktop/tutorial-1/tutorial-1.sdk/design_1_wrapper_hw_platform_0/system.hdf -mem-ranges [list {0x40000000 0xbfffffff}]
configparams force-mem-access 1
targets -set -nocase -filter {name =~"APU*" && jtag_cable_name =~ "Avnet MiniZed V1 1234-oj1A"} -index 0
stop
ps7_init
ps7_post_config
targets -set -nocase -filter {name =~ "ARM*#0" && jtag_cable_name =~ "Avnet MiniZed V1 1234-oj1A"} -index 0
rst -processor
targets -set -nocase -filter {name =~ "ARM*#0" && jtag_cable_name =~ "Avnet MiniZed V1 1234-oj1A"} -index 0
dow C:/Users/Samo/Desktop/tutorial-1/tutorial-1.sdk/project-emenist-on-ps/Debug/project-emenist-on-ps.elf
configparams force-mem-access 0
----------------End of Script----------------

22:09:17 INFO  : Memory regions updated for context APU
22:09:17 INFO  : Context for processor 'ps7_cortexa9_0' is selected.
22:09:17 INFO  : 'con' command is executed.
22:09:17 INFO  : ----------------XSDB Script (After Launch)----------------
targets -set -nocase -filter {name =~ "ARM*#0" && jtag_cable_name =~ "Avnet MiniZed V1 1234-oj1A"} -index 0
con
----------------End of Script----------------

22:09:17 INFO  : Launch script is exported to file 'C:\Users\Samo\Desktop\tutorial-1\tutorial-1.sdk\.sdk\launch_scripts\xilinx_c-c++_application_(system_debugger)\system_debugger_using_debug_project-emenist-on-ps.elf_on_local.tcl'
22:09:43 INFO  : Disconnected from the channel tcfchan#11.
22:09:44 INFO  : Connected to target on host '127.0.0.1' and port '3121'.
22:09:44 INFO  : Jtag cable 'Avnet MiniZed V1 1234-oj1A' is selected.
22:09:44 INFO  : 'jtag frequency' command is executed.
22:09:44 INFO  : Sourcing of 'C:/Users/Samo/Desktop/tutorial-1/tutorial-1.sdk/design_1_wrapper_hw_platform_0/ps7_init.tcl' is done.
22:09:44 INFO  : 'targets -set -filter {jtag_cable_name =~ "Avnet MiniZed V1 1234-oj1A" && level==0} -index 1' command is executed.
22:09:46 INFO  : FPGA configured successfully with bitstream "C:/Users/Samo/Desktop/tutorial-1/tutorial-1.sdk/design_1_wrapper_hw_platform_0/design_1_wrapper.bit"
22:09:46 INFO  : Context for 'APU' is selected.
22:09:46 INFO  : Hardware design information is loaded from 'C:/Users/Samo/Desktop/tutorial-1/tutorial-1.sdk/design_1_wrapper_hw_platform_0/system.hdf'.
22:09:46 INFO  : 'configparams force-mem-access 1' command is executed.
22:09:46 INFO  : Context for 'APU' is selected.
22:09:46 INFO  : 'stop' command is executed.
22:09:46 INFO  : 'ps7_init' command is executed.
22:09:46 INFO  : 'ps7_post_config' command is executed.
22:09:46 INFO  : Context for processor 'ps7_cortexa9_0' is selected.
22:09:46 INFO  : Processor reset is completed for 'ps7_cortexa9_0'.
22:09:46 INFO  : Context for processor 'ps7_cortexa9_0' is selected.
22:09:47 INFO  : The application 'C:/Users/Samo/Desktop/tutorial-1/tutorial-1.sdk/project-emenist-on-ps/Debug/project-emenist-on-ps.elf' is downloaded to processor 'ps7_cortexa9_0'.
22:09:47 INFO  : 'configparams force-mem-access 0' command is executed.
22:09:47 INFO  : ----------------XSDB Script----------------
connect -url tcp:127.0.0.1:3121
source C:/Users/Samo/Desktop/tutorial-1/tutorial-1.sdk/design_1_wrapper_hw_platform_0/ps7_init.tcl
targets -set -filter {jtag_cable_name =~ "Avnet MiniZed V1 1234-oj1A" && level==0} -index 1
fpga -file C:/Users/Samo/Desktop/tutorial-1/tutorial-1.sdk/design_1_wrapper_hw_platform_0/design_1_wrapper.bit
targets -set -nocase -filter {name =~"APU*" && jtag_cable_name =~ "Avnet MiniZed V1 1234-oj1A"} -index 0
loadhw -hw C:/Users/Samo/Desktop/tutorial-1/tutorial-1.sdk/design_1_wrapper_hw_platform_0/system.hdf -mem-ranges [list {0x40000000 0xbfffffff}]
configparams force-mem-access 1
targets -set -nocase -filter {name =~"APU*" && jtag_cable_name =~ "Avnet MiniZed V1 1234-oj1A"} -index 0
stop
ps7_init
ps7_post_config
targets -set -nocase -filter {name =~ "ARM*#0" && jtag_cable_name =~ "Avnet MiniZed V1 1234-oj1A"} -index 0
rst -processor
targets -set -nocase -filter {name =~ "ARM*#0" && jtag_cable_name =~ "Avnet MiniZed V1 1234-oj1A"} -index 0
dow C:/Users/Samo/Desktop/tutorial-1/tutorial-1.sdk/project-emenist-on-ps/Debug/project-emenist-on-ps.elf
configparams force-mem-access 0
----------------End of Script----------------

22:09:47 INFO  : Memory regions updated for context APU
22:09:47 INFO  : Context for processor 'ps7_cortexa9_0' is selected.
22:09:47 INFO  : 'con' command is executed.
22:09:47 INFO  : ----------------XSDB Script (After Launch)----------------
targets -set -nocase -filter {name =~ "ARM*#0" && jtag_cable_name =~ "Avnet MiniZed V1 1234-oj1A"} -index 0
con
----------------End of Script----------------

22:09:47 INFO  : Launch script is exported to file 'C:\Users\Samo\Desktop\tutorial-1\tutorial-1.sdk\.sdk\launch_scripts\xilinx_c-c++_application_(system_debugger)\system_debugger_using_debug_project-emenist-on-ps.elf_on_local.tcl'
22:10:01 WARN  : channel "tcfchan#11" closed
22:10:02 INFO  : Connected to target on host '127.0.0.1' and port '3121'.
22:10:02 INFO  : Jtag cable 'Avnet MiniZed V1 1234-oj1A' is selected.
22:10:02 INFO  : 'jtag frequency' command is executed.
22:10:02 INFO  : Sourcing of 'C:/Users/Samo/Desktop/tutorial-1/tutorial-1.sdk/design_1_wrapper_hw_platform_0/ps7_init.tcl' is done.
22:10:02 INFO  : 'targets -set -filter {jtag_cable_name =~ "Avnet MiniZed V1 1234-oj1A" && level==0} -index 1' command is executed.
22:10:04 INFO  : FPGA configured successfully with bitstream "C:/Users/Samo/Desktop/tutorial-1/tutorial-1.sdk/design_1_wrapper_hw_platform_0/design_1_wrapper.bit"
22:10:04 INFO  : Context for 'APU' is selected.
22:10:04 INFO  : Hardware design information is loaded from 'C:/Users/Samo/Desktop/tutorial-1/tutorial-1.sdk/design_1_wrapper_hw_platform_0/system.hdf'.
22:10:04 INFO  : 'configparams force-mem-access 1' command is executed.
22:10:04 INFO  : Context for 'APU' is selected.
22:10:04 INFO  : 'stop' command is executed.
22:10:04 ERROR : Memory read error at 0xF8007080. AHB AP transaction error, DAP status f0000021
22:10:04 INFO  : ----------------XSDB Script----------------
connect -url tcp:127.0.0.1:3121
source C:/Users/Samo/Desktop/tutorial-1/tutorial-1.sdk/design_1_wrapper_hw_platform_0/ps7_init.tcl
targets -set -filter {jtag_cable_name =~ "Avnet MiniZed V1 1234-oj1A" && level==0} -index 1
fpga -file C:/Users/Samo/Desktop/tutorial-1/tutorial-1.sdk/design_1_wrapper_hw_platform_0/design_1_wrapper.bit
targets -set -nocase -filter {name =~"APU*" && jtag_cable_name =~ "Avnet MiniZed V1 1234-oj1A"} -index 0
loadhw -hw C:/Users/Samo/Desktop/tutorial-1/tutorial-1.sdk/design_1_wrapper_hw_platform_0/system.hdf -mem-ranges [list {0x40000000 0xbfffffff}]
configparams force-mem-access 1
targets -set -nocase -filter {name =~"APU*" && jtag_cable_name =~ "Avnet MiniZed V1 1234-oj1A"} -index 0
stop
ps7_init
----------------End of Script----------------

22:10:16 INFO  : Disconnected from the channel tcfchan#12.
22:10:17 INFO  : Connected to target on host '127.0.0.1' and port '3121'.
22:10:17 INFO  : Jtag cable 'Avnet MiniZed V1 1234-oj1A' is selected.
22:10:17 INFO  : 'jtag frequency' command is executed.
22:10:17 INFO  : Sourcing of 'C:/Users/Samo/Desktop/tutorial-1/tutorial-1.sdk/design_1_wrapper_hw_platform_0/ps7_init.tcl' is done.
22:10:17 INFO  : 'targets -set -filter {jtag_cable_name =~ "Avnet MiniZed V1 1234-oj1A" && level==0} -index 1' command is executed.
22:10:20 ERROR : fpga configuration failed. DONE PIN is not HIGH
22:10:20 ERROR : Exception occured while running Program FPGA.
java.lang.RuntimeException: fpga configuration failed. DONE PIN is not HIGH
22:10:20 INFO  : ----------------XSDB Script----------------
connect -url tcp:127.0.0.1:3121
source C:/Users/Samo/Desktop/tutorial-1/tutorial-1.sdk/design_1_wrapper_hw_platform_0/ps7_init.tcl
----------------End of Script----------------

22:10:40 INFO  : Connected to target on host '127.0.0.1' and port '3121'.
22:10:40 INFO  : Jtag cable 'Avnet MiniZed V1 1234-oj1A' is selected.
22:10:40 INFO  : 'jtag frequency' command is executed.
22:10:40 INFO  : Sourcing of 'C:/Users/Samo/Desktop/tutorial-1/tutorial-1.sdk/design_1_wrapper_hw_platform_0/ps7_init.tcl' is done.
22:10:40 INFO  : 'targets -set -filter {jtag_cable_name =~ "Avnet MiniZed V1 1234-oj1A" && level==0} -index 1' command is executed.
22:10:43 ERROR : fpga configuration failed. DONE PIN is not HIGH
22:10:43 ERROR : Exception occured while running Program FPGA.
java.lang.RuntimeException: fpga configuration failed. DONE PIN is not HIGH
22:10:43 INFO  : ----------------XSDB Script----------------
connect -url tcp:127.0.0.1:3121
source C:/Users/Samo/Desktop/tutorial-1/tutorial-1.sdk/design_1_wrapper_hw_platform_0/ps7_init.tcl
----------------End of Script----------------

22:12:41 INFO  : Connected to target on host '127.0.0.1' and port '3121'.
22:12:41 INFO  : Jtag cable 'Avnet MiniZed V1 1234-oj1A' is selected.
22:12:41 INFO  : 'jtag frequency' command is executed.
22:12:41 INFO  : Sourcing of 'C:/Users/Samo/Desktop/tutorial-1/tutorial-1.sdk/design_1_wrapper_hw_platform_0/ps7_init.tcl' is done.
22:12:41 INFO  : 'targets -set -filter {jtag_cable_name =~ "Avnet MiniZed V1 1234-oj1A" && level==0} -index 1' command is executed.
22:12:44 ERROR : fpga configuration failed. DONE PIN is not HIGH
22:12:44 ERROR : Exception occured while running Program FPGA.
java.lang.RuntimeException: fpga configuration failed. DONE PIN is not HIGH
22:12:44 INFO  : ----------------XSDB Script----------------
connect -url tcp:127.0.0.1:3121
source C:/Users/Samo/Desktop/tutorial-1/tutorial-1.sdk/design_1_wrapper_hw_platform_0/ps7_init.tcl
----------------End of Script----------------

22:13:21 INFO  : Connected to target on host '127.0.0.1' and port '3121'.
22:13:21 INFO  : Jtag cable 'Avnet MiniZed V1 1234-oj1A' is selected.
22:13:21 INFO  : 'jtag frequency' command is executed.
22:13:21 INFO  : Sourcing of 'C:/Users/Samo/Desktop/tutorial-1/tutorial-1.sdk/design_1_wrapper_hw_platform_0/ps7_init.tcl' is done.
22:13:21 INFO  : 'targets -set -filter {jtag_cable_name =~ "Avnet MiniZed V1 1234-oj1A" && level==0} -index 1' command is executed.
22:13:24 ERROR : fpga configuration failed. DONE PIN is not HIGH
22:13:24 ERROR : Exception occured while running Program FPGA.
java.lang.RuntimeException: fpga configuration failed. DONE PIN is not HIGH
22:13:24 INFO  : ----------------XSDB Script----------------
connect -url tcp:127.0.0.1:3121
source C:/Users/Samo/Desktop/tutorial-1/tutorial-1.sdk/design_1_wrapper_hw_platform_0/ps7_init.tcl
----------------End of Script----------------

22:15:12 INFO  : Connected to target on host '127.0.0.1' and port '3121'.
22:15:12 INFO  : Jtag cable 'Avnet MiniZed V1 1234-oj1A' is selected.
22:15:12 INFO  : 'jtag frequency' command is executed.
22:15:12 INFO  : Sourcing of 'C:/Users/Samo/Desktop/tutorial-1/tutorial-1.sdk/design_1_wrapper_hw_platform_0/ps7_init.tcl' is done.
22:15:12 INFO  : 'targets -set -filter {jtag_cable_name =~ "Avnet MiniZed V1 1234-oj1A" && level==0} -index 1' command is executed.
22:15:14 ERROR : fpga configuration failed. DONE PIN is not HIGH
22:15:14 ERROR : Exception occured while running Program FPGA.
java.lang.RuntimeException: fpga configuration failed. DONE PIN is not HIGH
22:15:14 INFO  : ----------------XSDB Script----------------
connect -url tcp:127.0.0.1:3121
source C:/Users/Samo/Desktop/tutorial-1/tutorial-1.sdk/design_1_wrapper_hw_platform_0/ps7_init.tcl
----------------End of Script----------------

22:25:39 INFO  : Connected to target on host '127.0.0.1' and port '3121'.
22:25:39 INFO  : Jtag cable 'Avnet MiniZed V1 1234-oj1A' is selected.
22:25:39 INFO  : 'jtag frequency' command is executed.
22:25:39 INFO  : Sourcing of 'C:/Users/Samo/Desktop/tutorial-1/tutorial-1.sdk/design_1_wrapper_hw_platform_0/ps7_init.tcl' is done.
22:25:39 INFO  : 'targets -set -filter {jtag_cable_name =~ "Avnet MiniZed V1 1234-oj1A" && level==0} -index 1' command is executed.
22:25:40 INFO  : FPGA configured successfully with bitstream "C:/Users/Samo/Desktop/tutorial-1/tutorial-1.sdk/design_1_wrapper_hw_platform_0/design_1_wrapper.bit"
22:25:40 INFO  : Context for 'APU' is selected.
22:25:40 INFO  : Hardware design information is loaded from 'C:/Users/Samo/Desktop/tutorial-1/tutorial-1.sdk/design_1_wrapper_hw_platform_0/system.hdf'.
22:25:40 INFO  : 'configparams force-mem-access 1' command is executed.
22:25:41 INFO  : Context for 'APU' is selected.
22:25:41 INFO  : 'stop' command is executed.
22:25:41 INFO  : 'ps7_init' command is executed.
22:25:41 INFO  : 'ps7_post_config' command is executed.
22:25:41 INFO  : Context for processor 'ps7_cortexa9_0' is selected.
22:25:41 INFO  : Processor reset is completed for 'ps7_cortexa9_0'.
22:25:41 INFO  : Context for processor 'ps7_cortexa9_0' is selected.
22:25:42 INFO  : The application 'C:/Users/Samo/Desktop/tutorial-1/tutorial-1.sdk/project-emenist-on-ps/Debug/project-emenist-on-ps.elf' is downloaded to processor 'ps7_cortexa9_0'.
22:25:42 INFO  : 'configparams force-mem-access 0' command is executed.
22:25:42 INFO  : ----------------XSDB Script----------------
connect -url tcp:127.0.0.1:3121
source C:/Users/Samo/Desktop/tutorial-1/tutorial-1.sdk/design_1_wrapper_hw_platform_0/ps7_init.tcl
targets -set -filter {jtag_cable_name =~ "Avnet MiniZed V1 1234-oj1A" && level==0} -index 1
fpga -file C:/Users/Samo/Desktop/tutorial-1/tutorial-1.sdk/design_1_wrapper_hw_platform_0/design_1_wrapper.bit
targets -set -nocase -filter {name =~"APU*" && jtag_cable_name =~ "Avnet MiniZed V1 1234-oj1A"} -index 0
loadhw -hw C:/Users/Samo/Desktop/tutorial-1/tutorial-1.sdk/design_1_wrapper_hw_platform_0/system.hdf -mem-ranges [list {0x40000000 0xbfffffff}]
configparams force-mem-access 1
targets -set -nocase -filter {name =~"APU*" && jtag_cable_name =~ "Avnet MiniZed V1 1234-oj1A"} -index 0
stop
ps7_init
ps7_post_config
targets -set -nocase -filter {name =~ "ARM*#0" && jtag_cable_name =~ "Avnet MiniZed V1 1234-oj1A"} -index 0
rst -processor
targets -set -nocase -filter {name =~ "ARM*#0" && jtag_cable_name =~ "Avnet MiniZed V1 1234-oj1A"} -index 0
dow C:/Users/Samo/Desktop/tutorial-1/tutorial-1.sdk/project-emenist-on-ps/Debug/project-emenist-on-ps.elf
configparams force-mem-access 0
----------------End of Script----------------

22:25:42 INFO  : Memory regions updated for context APU
22:25:42 INFO  : Context for processor 'ps7_cortexa9_0' is selected.
22:25:42 INFO  : 'con' command is executed.
22:25:42 INFO  : ----------------XSDB Script (After Launch)----------------
targets -set -nocase -filter {name =~ "ARM*#0" && jtag_cable_name =~ "Avnet MiniZed V1 1234-oj1A"} -index 0
con
----------------End of Script----------------

22:25:42 INFO  : Launch script is exported to file 'C:\Users\Samo\Desktop\tutorial-1\tutorial-1.sdk\.sdk\launch_scripts\xilinx_c-c++_application_(system_debugger)\system_debugger_using_debug_project-emenist-on-ps.elf_on_local.tcl'
22:26:30 INFO  : Connected to target on host '127.0.0.1' and port '3121'.
22:26:30 INFO  : 'targets -set -filter {jtag_cable_name =~ "Avnet MiniZed V1 1234-oj1A" && level==0} -index 1' command is executed.
22:26:31 INFO  : FPGA configured successfully with bitstream "C:/Users/Samo/Desktop/tutorial-1/tutorial-1.sdk/design_1_wrapper_hw_platform_0/design_1_wrapper.bit"
22:27:20 INFO  : Disconnected from the channel tcfchan#13.
22:27:21 INFO  : Connected to target on host '127.0.0.1' and port '3121'.
22:27:21 INFO  : Jtag cable 'Avnet MiniZed V1 1234-oj1A' is selected.
22:27:21 INFO  : 'jtag frequency' command is executed.
22:27:21 INFO  : Sourcing of 'C:/Users/Samo/Desktop/tutorial-1/tutorial-1.sdk/design_1_wrapper_hw_platform_0/ps7_init.tcl' is done.
22:27:21 INFO  : 'targets -set -filter {jtag_cable_name =~ "Avnet MiniZed V1 1234-oj1A" && level==0} -index 1' command is executed.
22:27:23 INFO  : FPGA configured successfully with bitstream "C:/Users/Samo/Desktop/tutorial-1/tutorial-1.sdk/design_1_wrapper_hw_platform_0/design_1_wrapper.bit"
22:27:23 INFO  : Context for 'APU' is selected.
22:27:23 INFO  : Hardware design information is loaded from 'C:/Users/Samo/Desktop/tutorial-1/tutorial-1.sdk/design_1_wrapper_hw_platform_0/system.hdf'.
22:27:23 INFO  : 'configparams force-mem-access 1' command is executed.
22:27:23 INFO  : Context for 'APU' is selected.
22:27:23 INFO  : 'stop' command is executed.
22:27:23 INFO  : 'ps7_init' command is executed.
22:27:23 INFO  : 'ps7_post_config' command is executed.
22:27:23 INFO  : Context for processor 'ps7_cortexa9_0' is selected.
22:27:24 INFO  : Processor reset is completed for 'ps7_cortexa9_0'.
22:27:24 INFO  : Context for processor 'ps7_cortexa9_0' is selected.
22:27:24 INFO  : The application 'C:/Users/Samo/Desktop/tutorial-1/tutorial-1.sdk/project-emenist-on-ps/Debug/project-emenist-on-ps.elf' is downloaded to processor 'ps7_cortexa9_0'.
22:27:24 INFO  : 'configparams force-mem-access 0' command is executed.
22:27:24 INFO  : ----------------XSDB Script----------------
connect -url tcp:127.0.0.1:3121
source C:/Users/Samo/Desktop/tutorial-1/tutorial-1.sdk/design_1_wrapper_hw_platform_0/ps7_init.tcl
targets -set -filter {jtag_cable_name =~ "Avnet MiniZed V1 1234-oj1A" && level==0} -index 1
fpga -file C:/Users/Samo/Desktop/tutorial-1/tutorial-1.sdk/design_1_wrapper_hw_platform_0/design_1_wrapper.bit
targets -set -nocase -filter {name =~"APU*" && jtag_cable_name =~ "Avnet MiniZed V1 1234-oj1A"} -index 0
loadhw -hw C:/Users/Samo/Desktop/tutorial-1/tutorial-1.sdk/design_1_wrapper_hw_platform_0/system.hdf -mem-ranges [list {0x40000000 0xbfffffff}]
configparams force-mem-access 1
targets -set -nocase -filter {name =~"APU*" && jtag_cable_name =~ "Avnet MiniZed V1 1234-oj1A"} -index 0
stop
ps7_init
ps7_post_config
targets -set -nocase -filter {name =~ "ARM*#0" && jtag_cable_name =~ "Avnet MiniZed V1 1234-oj1A"} -index 0
rst -processor
targets -set -nocase -filter {name =~ "ARM*#0" && jtag_cable_name =~ "Avnet MiniZed V1 1234-oj1A"} -index 0
dow C:/Users/Samo/Desktop/tutorial-1/tutorial-1.sdk/project-emenist-on-ps/Debug/project-emenist-on-ps.elf
configparams force-mem-access 0
----------------End of Script----------------

22:27:24 INFO  : Memory regions updated for context APU
22:27:24 INFO  : Context for processor 'ps7_cortexa9_0' is selected.
22:27:24 INFO  : 'con' command is executed.
22:27:24 INFO  : ----------------XSDB Script (After Launch)----------------
targets -set -nocase -filter {name =~ "ARM*#0" && jtag_cable_name =~ "Avnet MiniZed V1 1234-oj1A"} -index 0
con
----------------End of Script----------------

22:27:24 INFO  : Launch script is exported to file 'C:\Users\Samo\Desktop\tutorial-1\tutorial-1.sdk\.sdk\launch_scripts\xilinx_c-c++_application_(system_debugger)\system_debugger_using_debug_project-emenist-on-ps.elf_on_local.tcl'
22:27:54 INFO  : Connected to target on host '127.0.0.1' and port '3121'.
22:28:01 INFO  : Disconnected from the channel tcfchan#14.
22:28:02 INFO  : Connected to target on host '127.0.0.1' and port '3121'.
22:28:02 INFO  : Jtag cable 'Avnet MiniZed V1 1234-oj1A' is selected.
22:28:02 INFO  : 'jtag frequency' command is executed.
22:28:02 INFO  : Sourcing of 'C:/Users/Samo/Desktop/tutorial-1/tutorial-1.sdk/design_1_wrapper_hw_platform_0/ps7_init.tcl' is done.
22:28:02 INFO  : 'targets -set -filter {jtag_cable_name =~ "Avnet MiniZed V1 1234-oj1A" && level==0} -index 1' command is executed.
22:28:03 INFO  : FPGA configured successfully with bitstream "C:/Users/Samo/Desktop/tutorial-1/tutorial-1.sdk/design_1_wrapper_hw_platform_0/design_1_wrapper.bit"
22:28:03 INFO  : Context for 'APU' is selected.
22:28:03 INFO  : Hardware design information is loaded from 'C:/Users/Samo/Desktop/tutorial-1/tutorial-1.sdk/design_1_wrapper_hw_platform_0/system.hdf'.
22:28:03 INFO  : 'configparams force-mem-access 1' command is executed.
22:28:03 INFO  : Context for 'APU' is selected.
22:28:04 INFO  : 'stop' command is executed.
22:28:04 ERROR : Memory read error at 0xF8007080. AHB AP transaction error, DAP status f0000021
22:28:04 INFO  : ----------------XSDB Script----------------
connect -url tcp:127.0.0.1:3121
source C:/Users/Samo/Desktop/tutorial-1/tutorial-1.sdk/design_1_wrapper_hw_platform_0/ps7_init.tcl
targets -set -filter {jtag_cable_name =~ "Avnet MiniZed V1 1234-oj1A" && level==0} -index 1
fpga -file C:/Users/Samo/Desktop/tutorial-1/tutorial-1.sdk/design_1_wrapper_hw_platform_0/design_1_wrapper.bit
targets -set -nocase -filter {name =~"APU*" && jtag_cable_name =~ "Avnet MiniZed V1 1234-oj1A"} -index 0
loadhw -hw C:/Users/Samo/Desktop/tutorial-1/tutorial-1.sdk/design_1_wrapper_hw_platform_0/system.hdf -mem-ranges [list {0x40000000 0xbfffffff}]
configparams force-mem-access 1
targets -set -nocase -filter {name =~"APU*" && jtag_cable_name =~ "Avnet MiniZed V1 1234-oj1A"} -index 0
stop
ps7_init
----------------End of Script----------------

22:29:21 INFO  : Connected to target on host '127.0.0.1' and port '3121'.
22:29:21 INFO  : 'targets -set -filter {jtag_cable_name =~ "Avnet MiniZed V1 1234-oj1A" && level==0} -index 1' command is executed.
22:29:24 ERROR : fpga configuration failed. DONE PIN is not HIGH
22:29:54 INFO  : Connected to target on host '127.0.0.1' and port '3121'.
22:29:54 INFO  : 'targets -set -filter {jtag_cable_name =~ "Avnet MiniZed V1 1234-oj1A" && level==0} -index 1' command is executed.
22:29:55 INFO  : FPGA configured successfully with bitstream "C:/Users/Samo/Desktop/tutorial-1/tutorial-1.sdk/design_1_wrapper_hw_platform_0/design_1_wrapper.bit"
22:30:02 INFO  : Connected to target on host '127.0.0.1' and port '3121'.
22:30:03 INFO  : 'targets -set -filter {jtag_cable_name =~ "Avnet MiniZed V1 1234-oj1A" && level==0} -index 1' command is executed.
22:30:04 INFO  : FPGA configured successfully with bitstream "C:/Users/Samo/Desktop/tutorial-1/tutorial-1.sdk/design_1_wrapper_hw_platform_0/design_1_wrapper.bit"
22:30:36 INFO  : Connected to target on host '127.0.0.1' and port '3121'.
22:30:36 INFO  : Jtag cable 'Avnet MiniZed V1 1234-oj1A' is selected.
22:30:36 INFO  : 'jtag frequency' command is executed.
22:30:36 INFO  : Sourcing of 'C:/Users/Samo/Desktop/tutorial-1/tutorial-1.sdk/design_1_wrapper_hw_platform_0/ps7_init.tcl' is done.
22:30:37 INFO  : 'targets -set -filter {jtag_cable_name =~ "Avnet MiniZed V1 1234-oj1A" && level==0} -index 1' command is executed.
22:30:38 INFO  : FPGA configured successfully with bitstream "C:/Users/Samo/Desktop/tutorial-1/tutorial-1.sdk/design_1_wrapper_hw_platform_0/design_1_wrapper.bit"
22:30:38 INFO  : Context for 'APU' is selected.
22:30:38 INFO  : Hardware design information is loaded from 'C:/Users/Samo/Desktop/tutorial-1/tutorial-1.sdk/design_1_wrapper_hw_platform_0/system.hdf'.
22:30:38 INFO  : 'configparams force-mem-access 1' command is executed.
22:30:38 INFO  : Context for 'APU' is selected.
22:30:38 INFO  : 'stop' command is executed.
22:30:38 ERROR : Memory read error at 0xF8007080. AHB AP transaction error, DAP status f0000021
22:30:38 INFO  : ----------------XSDB Script----------------
connect -url tcp:127.0.0.1:3121
source C:/Users/Samo/Desktop/tutorial-1/tutorial-1.sdk/design_1_wrapper_hw_platform_0/ps7_init.tcl
targets -set -filter {jtag_cable_name =~ "Avnet MiniZed V1 1234-oj1A" && level==0} -index 1
fpga -file C:/Users/Samo/Desktop/tutorial-1/tutorial-1.sdk/design_1_wrapper_hw_platform_0/design_1_wrapper.bit
targets -set -nocase -filter {name =~"APU*" && jtag_cable_name =~ "Avnet MiniZed V1 1234-oj1A"} -index 0
loadhw -hw C:/Users/Samo/Desktop/tutorial-1/tutorial-1.sdk/design_1_wrapper_hw_platform_0/system.hdf -mem-ranges [list {0x40000000 0xbfffffff}]
configparams force-mem-access 1
targets -set -nocase -filter {name =~"APU*" && jtag_cable_name =~ "Avnet MiniZed V1 1234-oj1A"} -index 0
stop
ps7_init
----------------End of Script----------------

22:39:39 INFO  : Launching XSCT server: xsct.bat -interactive C:\Users\Samo\Desktop\tutorial-1\tutorial-1.sdk\temp_xsdb_launch_script.tcl
22:39:44 INFO  : XSCT server has started successfully.
22:39:44 INFO  : Successfully done setting XSCT server connection channel  
22:39:50 INFO  : Successfully done setting SDK workspace  
22:40:00 INFO  : Registering command handlers for SDK TCF services
22:40:00 INFO  : Processing command line option -hwspec C:/Users/Samo/Desktop/tutorial-1/tutorial-1.sdk/design_1_wrapper.hdf.
22:40:01 INFO  : Checking for hwspec changes in the project design_1_wrapper_hw_platform_1.
22:41:39 INFO  : Launching XSCT server: xsct.bat -interactive C:\Users\Samo\Desktop\tutorial-1\tutorial-1.sdk\temp_xsdb_launch_script.tcl
22:41:41 INFO  : XSCT server has started successfully.
22:41:42 INFO  : Successfully done setting XSCT server connection channel  
22:41:42 INFO  : Successfully done setting SDK workspace  
22:41:50 INFO  : Registering command handlers for SDK TCF services
22:41:50 INFO  : Processing command line option -hwspec C:/Users/Samo/Desktop/tutorial-1/tutorial-1.sdk/design_1_wrapper.hdf.
22:41:50 INFO  : Checking for hwspec changes in the project design_1_wrapper_hw_platform_1.
22:47:05 INFO  : Connected to target on host '127.0.0.1' and port '3121'.
22:47:05 INFO  : 'targets -set -filter {jtag_cable_name =~ "Avnet MiniZed V1 1234-oj1A" && level==0} -index 1' command is executed.
22:47:06 INFO  : FPGA configured successfully with bitstream "C:/Users/Samo/Desktop/tutorial-1/tutorial-1.sdk/design_1_wrapper_hw_platform_0/design_1_wrapper.bit"
22:47:37 INFO  : Connected to target on host '127.0.0.1' and port '3121'.
22:47:37 INFO  : 'targets -set -filter {jtag_cable_name =~ "Avnet MiniZed V1 1234-oj1A" && level==0} -index 1' command is executed.
22:47:39 INFO  : FPGA configured successfully with bitstream "C:/Users/Samo/Desktop/tutorial-1/tutorial-1.sdk/design_1_wrapper_hw_platform_0/design_1_wrapper.bit"
22:50:26 INFO  : Connected to target on host '127.0.0.1' and port '3121'.
22:50:27 INFO  : Jtag cable 'Avnet MiniZed V1 1234-oj1A' is selected.
22:50:27 INFO  : 'jtag frequency' command is executed.
22:50:27 INFO  : Sourcing of 'C:/Users/Samo/Desktop/tutorial-1/tutorial-1.sdk/design_1_wrapper_hw_platform_0/ps7_init.tcl' is done.
22:50:27 INFO  : 'targets -set -filter {jtag_cable_name =~ "Avnet MiniZed V1 1234-oj1A" && level==0} -index 1' command is executed.
22:50:28 INFO  : FPGA configured successfully with bitstream "C:/Users/Samo/Desktop/tutorial-1/tutorial-1.sdk/design_1_wrapper_hw_platform_0/design_1_wrapper.bit"
22:50:28 INFO  : Context for 'APU' is selected.
22:50:28 INFO  : Hardware design information is loaded from 'C:/Users/Samo/Desktop/tutorial-1/tutorial-1.sdk/design_1_wrapper_hw_platform_0/system.hdf'.
22:50:28 INFO  : 'configparams force-mem-access 1' command is executed.
22:50:28 INFO  : Context for 'APU' is selected.
22:50:28 INFO  : 'stop' command is executed.
22:50:29 INFO  : 'ps7_init' command is executed.
22:50:29 INFO  : 'ps7_post_config' command is executed.
22:50:29 INFO  : Context for processor 'ps7_cortexa9_0' is selected.
22:50:29 INFO  : Processor reset is completed for 'ps7_cortexa9_0'.
22:50:29 INFO  : Context for processor 'ps7_cortexa9_0' is selected.
22:50:29 INFO  : The application 'C:/Users/Samo/Desktop/tutorial-1/tutorial-1.sdk/tutorial-1/Debug/tutorial-1.elf' is downloaded to processor 'ps7_cortexa9_0'.
22:50:29 INFO  : 'configparams force-mem-access 0' command is executed.
22:50:29 INFO  : ----------------XSDB Script----------------
connect -url tcp:127.0.0.1:3121
source C:/Users/Samo/Desktop/tutorial-1/tutorial-1.sdk/design_1_wrapper_hw_platform_0/ps7_init.tcl
targets -set -filter {jtag_cable_name =~ "Avnet MiniZed V1 1234-oj1A" && level==0} -index 1
fpga -file C:/Users/Samo/Desktop/tutorial-1/tutorial-1.sdk/design_1_wrapper_hw_platform_0/design_1_wrapper.bit
targets -set -nocase -filter {name =~"APU*" && jtag_cable_name =~ "Avnet MiniZed V1 1234-oj1A"} -index 0
loadhw -hw C:/Users/Samo/Desktop/tutorial-1/tutorial-1.sdk/design_1_wrapper_hw_platform_0/system.hdf -mem-ranges [list {0x40000000 0xbfffffff}]
configparams force-mem-access 1
targets -set -nocase -filter {name =~"APU*" && jtag_cable_name =~ "Avnet MiniZed V1 1234-oj1A"} -index 0
stop
ps7_init
ps7_post_config
targets -set -nocase -filter {name =~ "ARM*#0" && jtag_cable_name =~ "Avnet MiniZed V1 1234-oj1A"} -index 0
rst -processor
targets -set -nocase -filter {name =~ "ARM*#0" && jtag_cable_name =~ "Avnet MiniZed V1 1234-oj1A"} -index 0
dow C:/Users/Samo/Desktop/tutorial-1/tutorial-1.sdk/tutorial-1/Debug/tutorial-1.elf
configparams force-mem-access 0
----------------End of Script----------------

22:50:29 INFO  : Memory regions updated for context APU
22:50:29 INFO  : Context for processor 'ps7_cortexa9_0' is selected.
22:50:29 INFO  : 'con' command is executed.
22:50:29 INFO  : ----------------XSDB Script (After Launch)----------------
targets -set -nocase -filter {name =~ "ARM*#0" && jtag_cable_name =~ "Avnet MiniZed V1 1234-oj1A"} -index 0
con
----------------End of Script----------------

22:50:29 INFO  : Launch script is exported to file 'C:\Users\Samo\Desktop\tutorial-1\tutorial-1.sdk\.sdk\launch_scripts\xilinx_c-c++_application_(system_debugger)\system_debugger_using_debug_project-emenist-on-ps.elf_on_local.tcl'
22:52:09 INFO  : Disconnected from the channel tcfchan#1.
22:52:10 INFO  : Connected to target on host '127.0.0.1' and port '3121'.
22:52:10 INFO  : Jtag cable 'Avnet MiniZed V1 1234-oj1A' is selected.
22:52:10 INFO  : 'jtag frequency' command is executed.
22:52:10 INFO  : Sourcing of 'C:/Users/Samo/Desktop/tutorial-1/tutorial-1.sdk/design_1_wrapper_hw_platform_0/ps7_init.tcl' is done.
22:52:10 INFO  : 'targets -set -filter {jtag_cable_name =~ "Avnet MiniZed V1 1234-oj1A" && level==0} -index 1' command is executed.
22:52:11 INFO  : FPGA configured successfully with bitstream "C:/Users/Samo/Desktop/tutorial-1/tutorial-1.sdk/design_1_wrapper_hw_platform_0/design_1_wrapper.bit"
22:52:12 INFO  : Context for 'APU' is selected.
22:52:13 INFO  : Hardware design information is loaded from 'C:/Users/Samo/Desktop/tutorial-1/tutorial-1.sdk/design_1_wrapper_hw_platform_0/system.hdf'.
22:52:13 INFO  : 'configparams force-mem-access 1' command is executed.
22:52:13 INFO  : Context for 'APU' is selected.
22:52:14 INFO  : 'stop' command is executed.
22:52:14 INFO  : 'ps7_init' command is executed.
22:52:14 INFO  : 'ps7_post_config' command is executed.
22:52:14 INFO  : Context for processor 'ps7_cortexa9_0' is selected.
22:52:14 INFO  : Processor reset is completed for 'ps7_cortexa9_0'.
22:52:14 INFO  : Context for processor 'ps7_cortexa9_0' is selected.
22:52:14 INFO  : The application 'C:/Users/Samo/Desktop/tutorial-1/tutorial-1.sdk/tutorial-1/Debug/tutorial-1.elf' is downloaded to processor 'ps7_cortexa9_0'.
22:52:14 INFO  : 'configparams force-mem-access 0' command is executed.
22:52:14 INFO  : ----------------XSDB Script----------------
connect -url tcp:127.0.0.1:3121
source C:/Users/Samo/Desktop/tutorial-1/tutorial-1.sdk/design_1_wrapper_hw_platform_0/ps7_init.tcl
targets -set -filter {jtag_cable_name =~ "Avnet MiniZed V1 1234-oj1A" && level==0} -index 1
fpga -file C:/Users/Samo/Desktop/tutorial-1/tutorial-1.sdk/design_1_wrapper_hw_platform_0/design_1_wrapper.bit
targets -set -nocase -filter {name =~"APU*" && jtag_cable_name =~ "Avnet MiniZed V1 1234-oj1A"} -index 0
loadhw -hw C:/Users/Samo/Desktop/tutorial-1/tutorial-1.sdk/design_1_wrapper_hw_platform_0/system.hdf -mem-ranges [list {0x40000000 0xbfffffff}]
configparams force-mem-access 1
targets -set -nocase -filter {name =~"APU*" && jtag_cable_name =~ "Avnet MiniZed V1 1234-oj1A"} -index 0
stop
ps7_init
ps7_post_config
targets -set -nocase -filter {name =~ "ARM*#0" && jtag_cable_name =~ "Avnet MiniZed V1 1234-oj1A"} -index 0
rst -processor
targets -set -nocase -filter {name =~ "ARM*#0" && jtag_cable_name =~ "Avnet MiniZed V1 1234-oj1A"} -index 0
dow C:/Users/Samo/Desktop/tutorial-1/tutorial-1.sdk/tutorial-1/Debug/tutorial-1.elf
configparams force-mem-access 0
----------------End of Script----------------

22:52:14 INFO  : Memory regions updated for context APU
22:52:14 INFO  : Context for processor 'ps7_cortexa9_0' is selected.
22:52:14 INFO  : 'con' command is executed.
22:52:14 INFO  : ----------------XSDB Script (After Launch)----------------
targets -set -nocase -filter {name =~ "ARM*#0" && jtag_cable_name =~ "Avnet MiniZed V1 1234-oj1A"} -index 0
con
----------------End of Script----------------

22:52:14 INFO  : Launch script is exported to file 'C:\Users\Samo\Desktop\tutorial-1\tutorial-1.sdk\.sdk\launch_scripts\xilinx_c-c++_application_(system_debugger)\system_debugger_using_debug_project-emenist-on-ps.elf_on_local.tcl'
22:52:41 INFO  : Disconnected from the channel tcfchan#2.
22:52:42 INFO  : Connected to target on host '127.0.0.1' and port '3121'.
22:52:43 INFO  : Jtag cable 'Avnet MiniZed V1 1234-oj1A' is selected.
22:52:43 INFO  : 'jtag frequency' command is executed.
22:52:43 INFO  : Sourcing of 'C:/Users/Samo/Desktop/tutorial-1/tutorial-1.sdk/design_1_wrapper_hw_platform_0/ps7_init.tcl' is done.
22:52:43 INFO  : 'targets -set -filter {jtag_cable_name =~ "Avnet MiniZed V1 1234-oj1A" && level==0} -index 1' command is executed.
22:52:44 INFO  : FPGA configured successfully with bitstream "C:/Users/Samo/Desktop/tutorial-1/tutorial-1.sdk/design_1_wrapper_hw_platform_0/design_1_wrapper.bit"
22:52:44 INFO  : Context for 'APU' is selected.
22:52:44 INFO  : Hardware design information is loaded from 'C:/Users/Samo/Desktop/tutorial-1/tutorial-1.sdk/design_1_wrapper_hw_platform_0/system.hdf'.
22:52:44 INFO  : 'configparams force-mem-access 1' command is executed.
22:52:44 INFO  : Context for 'APU' is selected.
22:52:44 INFO  : 'stop' command is executed.
22:52:44 INFO  : 'ps7_init' command is executed.
22:52:44 INFO  : 'ps7_post_config' command is executed.
22:52:44 INFO  : Context for processor 'ps7_cortexa9_0' is selected.
22:52:44 INFO  : Processor reset is completed for 'ps7_cortexa9_0'.
22:52:44 INFO  : Context for processor 'ps7_cortexa9_0' is selected.
22:52:45 INFO  : The application 'C:/Users/Samo/Desktop/tutorial-1/tutorial-1.sdk/new-toutorial-1/Debug/new-toutorial-1.elf' is downloaded to processor 'ps7_cortexa9_0'.
22:52:45 INFO  : 'configparams force-mem-access 0' command is executed.
22:52:45 INFO  : ----------------XSDB Script----------------
connect -url tcp:127.0.0.1:3121
source C:/Users/Samo/Desktop/tutorial-1/tutorial-1.sdk/design_1_wrapper_hw_platform_0/ps7_init.tcl
targets -set -filter {jtag_cable_name =~ "Avnet MiniZed V1 1234-oj1A" && level==0} -index 1
fpga -file C:/Users/Samo/Desktop/tutorial-1/tutorial-1.sdk/design_1_wrapper_hw_platform_0/design_1_wrapper.bit
targets -set -nocase -filter {name =~"APU*" && jtag_cable_name =~ "Avnet MiniZed V1 1234-oj1A"} -index 0
loadhw -hw C:/Users/Samo/Desktop/tutorial-1/tutorial-1.sdk/design_1_wrapper_hw_platform_0/system.hdf -mem-ranges [list {0x40000000 0xbfffffff}]
configparams force-mem-access 1
targets -set -nocase -filter {name =~"APU*" && jtag_cable_name =~ "Avnet MiniZed V1 1234-oj1A"} -index 0
stop
ps7_init
ps7_post_config
targets -set -nocase -filter {name =~ "ARM*#0" && jtag_cable_name =~ "Avnet MiniZed V1 1234-oj1A"} -index 0
rst -processor
targets -set -nocase -filter {name =~ "ARM*#0" && jtag_cable_name =~ "Avnet MiniZed V1 1234-oj1A"} -index 0
dow C:/Users/Samo/Desktop/tutorial-1/tutorial-1.sdk/new-toutorial-1/Debug/new-toutorial-1.elf
configparams force-mem-access 0
----------------End of Script----------------

22:52:45 INFO  : Memory regions updated for context APU
22:52:45 INFO  : Context for processor 'ps7_cortexa9_0' is selected.
22:52:45 INFO  : 'con' command is executed.
22:52:45 INFO  : ----------------XSDB Script (After Launch)----------------
targets -set -nocase -filter {name =~ "ARM*#0" && jtag_cable_name =~ "Avnet MiniZed V1 1234-oj1A"} -index 0
con
----------------End of Script----------------

22:52:45 INFO  : Launch script is exported to file 'C:\Users\Samo\Desktop\tutorial-1\tutorial-1.sdk\.sdk\launch_scripts\xilinx_c-c++_application_(system_debugger)\system_debugger_using_debug_project-emenist-on-ps.elf_on_local.tcl'
22:52:52 INFO  : Disconnected from the channel tcfchan#3.
22:52:53 INFO  : Connected to target on host '127.0.0.1' and port '3121'.
22:52:53 INFO  : Jtag cable 'Avnet MiniZed V1 1234-oj1A' is selected.
22:52:53 INFO  : 'jtag frequency' command is executed.
22:52:53 INFO  : Sourcing of 'C:/Users/Samo/Desktop/tutorial-1/tutorial-1.sdk/design_1_wrapper_hw_platform_0/ps7_init.tcl' is done.
22:52:54 INFO  : 'targets -set -filter {jtag_cable_name =~ "Avnet MiniZed V1 1234-oj1A" && level==0} -index 1' command is executed.
22:52:55 INFO  : FPGA configured successfully with bitstream "C:/Users/Samo/Desktop/tutorial-1/tutorial-1.sdk/design_1_wrapper_hw_platform_0/design_1_wrapper.bit"
22:52:55 INFO  : Context for 'APU' is selected.
22:52:55 INFO  : Hardware design information is loaded from 'C:/Users/Samo/Desktop/tutorial-1/tutorial-1.sdk/design_1_wrapper_hw_platform_0/system.hdf'.
22:52:55 INFO  : 'configparams force-mem-access 1' command is executed.
22:52:55 INFO  : Context for 'APU' is selected.
22:52:55 INFO  : 'stop' command is executed.
22:52:55 INFO  : 'ps7_init' command is executed.
22:52:55 INFO  : 'ps7_post_config' command is executed.
22:52:55 INFO  : Context for processor 'ps7_cortexa9_0' is selected.
22:52:55 INFO  : Processor reset is completed for 'ps7_cortexa9_0'.
22:52:56 INFO  : Context for processor 'ps7_cortexa9_0' is selected.
22:52:56 INFO  : The application 'C:/Users/Samo/Desktop/tutorial-1/tutorial-1.sdk/new-toutorial-1/Debug/new-toutorial-1.elf' is downloaded to processor 'ps7_cortexa9_0'.
22:52:56 INFO  : 'configparams force-mem-access 0' command is executed.
22:52:56 INFO  : ----------------XSDB Script----------------
connect -url tcp:127.0.0.1:3121
source C:/Users/Samo/Desktop/tutorial-1/tutorial-1.sdk/design_1_wrapper_hw_platform_0/ps7_init.tcl
targets -set -filter {jtag_cable_name =~ "Avnet MiniZed V1 1234-oj1A" && level==0} -index 1
fpga -file C:/Users/Samo/Desktop/tutorial-1/tutorial-1.sdk/design_1_wrapper_hw_platform_0/design_1_wrapper.bit
targets -set -nocase -filter {name =~"APU*" && jtag_cable_name =~ "Avnet MiniZed V1 1234-oj1A"} -index 0
loadhw -hw C:/Users/Samo/Desktop/tutorial-1/tutorial-1.sdk/design_1_wrapper_hw_platform_0/system.hdf -mem-ranges [list {0x40000000 0xbfffffff}]
configparams force-mem-access 1
targets -set -nocase -filter {name =~"APU*" && jtag_cable_name =~ "Avnet MiniZed V1 1234-oj1A"} -index 0
stop
ps7_init
ps7_post_config
targets -set -nocase -filter {name =~ "ARM*#0" && jtag_cable_name =~ "Avnet MiniZed V1 1234-oj1A"} -index 0
rst -processor
targets -set -nocase -filter {name =~ "ARM*#0" && jtag_cable_name =~ "Avnet MiniZed V1 1234-oj1A"} -index 0
dow C:/Users/Samo/Desktop/tutorial-1/tutorial-1.sdk/new-toutorial-1/Debug/new-toutorial-1.elf
configparams force-mem-access 0
----------------End of Script----------------

22:52:56 INFO  : Memory regions updated for context APU
22:52:56 INFO  : Context for processor 'ps7_cortexa9_0' is selected.
22:52:56 INFO  : 'con' command is executed.
22:52:56 INFO  : ----------------XSDB Script (After Launch)----------------
targets -set -nocase -filter {name =~ "ARM*#0" && jtag_cable_name =~ "Avnet MiniZed V1 1234-oj1A"} -index 0
con
----------------End of Script----------------

22:52:56 INFO  : Launch script is exported to file 'C:\Users\Samo\Desktop\tutorial-1\tutorial-1.sdk\.sdk\launch_scripts\xilinx_c-c++_application_(system_debugger)\system_debugger_using_debug_project-emenist-on-ps.elf_on_local.tcl'
